method,aceticanhydride_IEF-PCM_forward,aceticanhydride_IEF-PCM_reverse,amide11_IEF-PCM_forward,amide11_IEF-PCM_reverse,amide12_IEF-PCM_forward,amide12_IEF-PCM_reverse,amide21_IEF-PCM_forward,amide21_IEF-PCM_reverse,amide22_IEF-PCM_forward,amide22_IEF-PCM_reverse,basicepoxide1_IEF-PCM_forward,basicepoxide1_IEF-PCM_reverse,basicepoxide2_IEF-PCM_forward,basicepoxide2_IEF-PCM_reverse,borohydride_IEF-PCM_forward,borohydride_IEF-PCM_reverse,carbonate_IEF-PCM_forward,carbonate_IEF-PCM_reverse,cl2co_IEF-PCM_forward,cl2co_IEF-PCM_reverse,diazonium_IEF-PCM_forward,diazonium_IEF-PCM_reverse,enamine_IEF-PCM_forward,enamine_IEF-PCM_reverse,epoxide1_IEF-PCM_forward,epoxide1_IEF-PCM_reverse,epoxide2_IEF-PCM_forward,epoxide2_IEF-PCM_reverse,ester_IEF-PCM_forward,ester_IEF-PCM_reverse,furan1_IEF-PCM_forward,furan1_IEF-PCM_reverse,furan2_IEF-PCM_forward,furan2_IEF-PCM_reverse,furan3_IEF-PCM_forward,furan3_IEF-PCM_reverse,imine_IEF-PCM_forward,imine_IEF-PCM_reverse,iminium_IEF-PCM_forward,iminium_IEF-PCM_reverse,lactone_IEF-PCM_forward,lactone_IEF-PCM_reverse,Average
VV10,-0.010844450953960314,0.0399647073377142,None,None,None,None,0.05047032326079917,-0.2548058417393493,-0.28909974350519474,-0.0989630197169315,-0.12035989302951267,-0.23147815628655463,-0.15783825431288034,-0.25532849881707714,-0.06897728643468246,-0.23741818132439685,-0.24682116778202404,-0.28186553978957846,-0.09464591870469463,-0.29291830557407045,0.04575940025746949,-0.31576027318557276,None,None,-0.15293434224393768,-0.2749106397001696,-0.1418190469414858,-0.2696269741471049,-0.04499682372510879,-0.19732875476097309,-0.2948920010536074,-0.2636585423484658,-0.04590559745211189,-0.17547201472365434,-0.11412408600220769,-0.09728071815272141,-0.30335795453606196,-0.40449140023481434,-0.033664571945665155,-0.16036655156663732,-0.05438172269332884,0.11456816350382329,-0.15932149108402027
BLYP-D3(BJ),-0.010760860256326362,0.030236898508591948,None,None,None,None,0.14049272302989174,-0.2944370444373353,-0.33582077034663727,-0.01931277567943199,-0.13840997384873002,-0.2426448576893604,-0.16861679053462486,-0.266175798246414,-0.0272774186858478,-0.2699032730962212,-0.24035745346089293,-0.2764529256588756,-0.007292815775409782,-0.29437445017852154,-0.006568132826647537,-0.349553389744045,None,None,-0.1771608094900227,-0.31184637635546125,-0.14046813970801164,-0.28407833642905295,-0.016864576342251882,-0.28013308849819907,-0.3198764608949858,-0.27803325555989916,-0.03156512162186764,-0.2247646821345586,-0.08658402399291805,-0.09319153590220437,-0.25305360264765214,-0.4598801069744874,0.036885847952634394,-0.15034110172421516,-0.0627471274734108,0.20166800177015293,-0.15859065569314582
rVV10,-0.010888367432332019,0.04049451057447184,None,None,None,None,0.05919719067073783,-0.25767299539132493,-0.2898862999059995,-0.08545273649078904,-0.11898811193406007,-0.23551230620179864,-0.15535573107796158,-0.2584993452966666,-0.06542601641821397,-0.23800700336690572,-0.24534516158072503,-0.2797815438361515,-0.08438311197530939,-0.2918680788693161,0.043072780639858525,-0.31846558159366994,None,None,-0.15202802030744253,-0.2791278026080884,-0.1395973531391548,-0.27296314348845724,-0.043873205153384144,-0.20390173373790743,-0.29189186529013966,-0.26386235029213095,-0.042607445157509805,-0.18357195324781816,-0.11006292061106208,-0.0912689797436807,-0.2993632611511824,-0.4078942239001329,-0.02518290917969135,-0.15841398123268702,-0.054661472212403604,0.12024439079235581,-0.1581332260874076
TPSS-D3(BJ),-0.010125667266672701,0.07750233566868081,None,None,None,None,0.0673518622063934,-0.18371393947179918,-0.28949691293486235,-0.11279130624650345,-0.10984491010176962,-0.2509225057028851,-0.13404175439713145,-0.26504045700317946,-0.10375137940491125,-0.1687610870998994,-0.2531394807082555,-0.30517619648441163,-0.19580546556617878,-0.29910298059358054,0.07059380827660852,-0.19635566765374443,None,None,-0.09989356571190462,-0.24080681521448644,-0.1269230803138521,-0.26899819216324167,-0.019849201607789725,-0.1072220622376516,-0.25466229993905193,-0.2562856107972533,-0.08454761949829075,-0.09047764764728167,-0.11643646179504949,-0.1436832328389141,-0.24953668430229234,-0.26648091287707026,-0.1603664259611827,-0.1665154463169522,-0.0418207336477969,0.06831118899044002,-0.1469115696767701
mPW91-D3(BJ),-0.010651900367454949,0.12300487955724698,None,None,None,None,0.06850573985355472,-0.17717963061604255,-0.32605210904410026,-0.24189469964845126,-0.10520457727112047,-0.10560752346585398,-0.1326622044471578,-0.11493382750342201,-0.1259397998670608,-0.24635479692861062,-0.24706266895680098,-0.22891281118547835,-0.26679798908389224,-0.3465538607240335,0.1777446088124125,-0.14615370137942205,None,None,-0.13984360982392952,-0.15611991791048693,-0.146781252536868,-0.15936025333869702,0.0392303315330811,-0.10033250855305406,-0.27568374318663974,-0.19323570581945168,-0.09080105228533625,-0.019991960947852692,-0.20589597470849072,-0.30416075818432226,-0.26627960565580994,-0.2605515705859264,-0.2590733086666409,-0.2042943907865139,-0.04352725577938216,0.12338363395488086,-0.14211182709853132
BLYP,-0.011730546656660398,0.09004681011665151,None,None,None,None,0.2583821107331603,-0.26619383713029676,-0.329900304416358,0.09262967212064512,-0.11608666919637918,-0.27953567920515915,-0.13380753771536558,-0.289394997426304,-0.00814788884110692,-0.26490497429843946,-0.23086763281514536,-0.27073105668703845,0.03289660975151901,-0.28853019248388967,-0.0030865457640375667,-0.3173342404272431,None,None,-0.14658973221857038,-0.33529112810741357,-0.1181884086712342,-0.3184605607490326,0.007187283512202089,-0.2731970931186477,-0.22078280623535518,-0.26412070892881423,0.009846776042257,-0.3011758879228734,-0.050062246204513314,-0.035064399039673906,-0.21824793356837757,-0.45262967570281304,0.07670876856966706,-0.15084824330711125,-0.05768631048403169,0.20032376677193076,-0.13846042888066257
TPSS,-0.010763567789835305,0.11719238846182081,None,None,None,None,0.13647535166247246,-0.16638790502806178,-0.2847889815452172,-0.04879568811191452,-0.09619430857124817,-0.2706074583180083,-0.11336030126676569,-0.27692658972454975,-0.09415555675082876,-0.1656891350101834,-0.2479142279514371,-0.30298308281704367,-0.17768713583433993,-0.29557067420184263,0.07677012939804426,-0.17286396807272622,None,None,-0.08218711861681585,-0.25268724170591633,-0.11494765338416257,-0.28792385692051764,-0.004588471604644349,-0.10067789740938927,-0.19465631930993418,-0.2486351692237762,-0.059085357407827194,-0.13585915795026265,-0.09664816844760167,-0.11041759838550587,-0.23003844543055013,-0.2610946584285865,-0.13956318276718577,-0.16654950138430807,-0.038381860317548956,0.06651760670419515,-0.13476874342950007
PBE-D3(BJ),-0.010948227070267786,0.09701961435843336,None,None,None,None,0.11571424804435869,-0.15320229461979898,-0.30430116898049675,-0.20597951022442682,-0.0840606010889583,-0.13100047539949156,-0.10522104226934537,-0.13453588602971528,-0.12199317269925126,-0.2298298062352699,-0.22568733873219649,-0.22805847935035456,-0.26754686041753756,-0.3404230778753232,0.1928262170536951,-0.1671531224396995,None,None,-0.11183637705785243,-0.17327187014541198,-0.11956544701172861,-0.183622065473088,0.05059871566879447,-0.08749016995586814,-0.19719436740404153,-0.1897559119864616,-0.0701610094639199,-0.05642232748113303,-0.17865955926854285,-0.25693145232172604,-0.2548759473850134,-0.2538750848853252,-0.23286353036736723,-0.22132393798002017,-0.03841015745199505,0.07981816622869306,-0.13333953660326817
B97-D3,-0.009322990830980813,0.036082364381556487,None,None,None,None,0.0920279815105265,-0.2754015381431084,-0.29045060991890703,0.035194719803230044,-0.09389776437117286,-0.1907923948305093,-0.10614904080645719,-0.19427276768076268,-0.03320215136554694,-0.2466189842475595,-0.2109818410193276,-0.181882088677315,0.018803025674306036,-0.2519359452979028,0.011551753397206767,-0.31095851144632136,None,None,-0.13830703376878778,-0.26502515169454544,-0.11517369576243223,-0.2641640216459389,0.03190848122250144,-0.24031077469577497,-0.27079125047471003,-0.2196126301420222,-0.04424968580056527,-0.16691074772820458,-0.09750281865521337,-0.09260037368006864,-0.1596404365828234,-0.2957963391419393,-0.0008957768393240202,-0.11444723515402824,-0.06099584258734536,0.22285680873148225,-0.12482959189635516
PBE,-0.011444884101954881,0.12614459619807453,None,None,None,None,0.17132237662847197,-0.13959807219960133,-0.3006278095766158,-0.15412407860415195,-0.07315463388294109,-0.14761915766607553,-0.08863999337004502,-0.14490974247438412,-0.11362556379587696,-0.22740690862148433,-0.22120358301872325,-0.2261675210672916,-0.2515351828521568,-0.33751263905917556,0.19706976141334148,-0.1508867271221933,None,None,-0.09753586116973599,-0.1837886027668515,-0.1094711904234705,-0.19956094165820218,0.062687905298161,-0.08310063099381648,-0.1487490031246546,-0.18374562122344062,-0.04979362758950334,-0.09317308647886388,-0.16209711480249667,-0.22961712792068065,-0.23866552591700815,-0.24999774338403122,-0.21464279869662972,-0.22152995821015667,-0.03577380545317123,0.07829988983832686,-0.12372707244025025
mPW91,-0.01156785786056895,0.13115789119804194,None,None,None,None,0.20723088837254708,-0.15127100088064074,-0.30823045432411666,-0.10887720758672183,-0.08287486705612973,-0.1690256014046308,-0.09612463860345676,-0.16527156505917567,-0.09838565595792777,-0.2348766664971593,-0.2269755236884114,-0.22940554705289257,-0.199945693689998,-0.3264278711814918,0.16813325933481554,-0.16119148566042388,None,None,-0.10541960240028805,-0.20773056122052636,-0.1115522693138027,-0.22068811752148432,0.06714800614212223,-0.10496466979946209,-0.15309763246871838,-0.19524978480144412,-0.04269506314306367,-0.1268954234665287,-0.147709364608293,-0.21219630528597772,-0.2186584964507167,-0.2633212584445683,-0.16992701801533208,-0.20802300566003648,-0.03920313302408939,0.10158932436059247,-0.12284788813110996
B97-D,-0.008689493112799176,0.04348474955031234,None,None,None,None,0.14983488101287423,-0.2743783296381511,-0.2792254121700467,0.03105136509910457,-0.08985499116444051,-0.19852025555732986,-0.08636554754901309,-0.1885149034700876,-0.03335229026504684,-0.2687189513335744,-0.2099515004079187,-0.1545563627011431,0.061960044848798364,-0.25839946914124834,0.01658340520652281,-0.31078427413014764,None,None,-0.13142934969756231,-0.2775702628890388,-0.11305035212463657,-0.27036018532015627,0.054941037408366235,-0.235608791718372,-0.22117075372133144,-0.18469861071083343,-0.04320150811483552,-0.1633025841167424,-0.09280812833168033,-0.10175034570730578,-0.12535910125029073,-0.29031283659211315,-0.0017160835397794245,-0.13580744944569714,-0.05965154772529501,0.24867950486495438,-0.11673818565710234
TPSSh-D3(BJ),-0.007792523735499538,0.08180804991320234,None,None,None,None,0.07438190834834435,-0.12122074980690517,-0.21440529133648514,-0.06420909583592467,-0.05890021954778206,-0.15139236930273609,-0.06985549863486021,-0.1491490609028258,-0.07704546381361865,-0.1017504431225307,-0.18441172664138042,-0.19350403679976488,-0.15576983071811612,-0.19191026633706376,0.10229015312834507,-0.09175465693226431,None,None,-0.0733481728892776,-0.15557444907153162,-0.09226801272839909,-0.1801075063568351,0.009362162821773268,-0.05493814086188088,-0.1647384081595643,-0.17319692881348867,-0.07231953744105643,-0.04992085189956274,-0.09631992549219982,-0.10995714612224253,-0.15820796590123132,-0.12014047175119721,-0.1537213612645861,-0.11251844214114179,-0.027580771287165205,0.06845445429137464,-0.09143423880961328
SCAN-D3(BJ),-0.005581540341094717,0.07832644108108387,None,None,None,None,-0.045255798198820925,-0.11085637653538927,-0.19119433176861692,-0.18291049076147853,-0.09996137043157992,-0.018929034679975802,-0.1354363468114298,-0.03282816822808985,-0.08179023127583306,-0.09729342533068626,-0.20116131478931967,-0.1545731412505146,-0.23538481966459873,-0.134465770979574,0.15336986392809504,-0.08051475142256555,None,None,-0.10418741034305408,-0.08609653112771246,-0.11365678810555095,-0.10991014620969716,0.046680265903907676,0.0319569887609039,-0.16153379233084417,-0.14763968804963362,-0.09036381678989382,0.0041309778058303435,-0.1458944676329364,-0.12851961760312522,-0.206728869028628,-0.04555945846807293,-0.20056262167841782,-0.09785186217412951,-0.0243382309297857,0.0335023960439271,-0.08675036887270282
SCAN,-0.00572657438133889,0.08678174144248993,None,None,None,None,-0.03442446914016034,-0.10744098936482946,-0.18990396718096683,-0.1735440248361034,-0.09766395818743442,-0.02130463615874669,-0.13212500787139334,-0.034071674785509924,-0.08079750498145438,-0.09670266311514855,-0.20024873695284867,-0.15479286514263157,-0.23477406251358685,-0.1338728128039229,0.15711330357163072,-0.07493198984823893,None,None,-0.1013480449737042,-0.08716345202769973,-0.11208805906021577,-0.11240376897206569,0.049490275616955674,0.03430887550633459,-0.14929310867327553,-0.1464534778161539,-0.08551094659889734,-0.0033211062660641233,-0.14327910106598213,-0.122943822147775,-0.20406110418897855,-0.04399330361916722,-0.19845347150648973,-0.09777386069571446,-0.023617841769861925,0.032274484338575486,-0.08455727017139927
TPSSh,-0.008402426447997345,0.12039527908715485,None,None,None,None,0.1362259537400189,-0.10526449914256518,-0.20978215066813502,-0.007352410258133432,-0.0464983029040941,-0.16808890882590138,-0.05121966794281672,-0.15891319967272546,-0.06912321573088244,-0.09892536101711087,-0.17987191000269245,-0.1918558150902045,-0.14177117089207017,-0.18877100685282108,0.10953953403824904,-0.0678505359307616,None,None,-0.05752966633211373,-0.16514061946246583,-0.08205311983957853,-0.1963288232666282,0.02347023968863513,-0.047826329906178626,-0.10996650494593353,-0.16619714991247359,-0.049018736715635364,-0.0905785121436449,-0.07933002258604172,-0.08038421837768595,-0.14126487748860644,-0.11466280332524038,-0.1366623033074166,-0.11234815592115503,-0.024314567897868084,0.06655650540057173,-0.08030859669035968
M06-L,0.0014896494387402867,0.01779824919595328,None,None,None,None,-0.04399963834119072,-0.2430101052902646,-0.12329253076753603,0.23622897831018028,0.05737250622861391,-0.14508385247899494,0.008279255459863657,-0.15066554950362904,0.025265903522104005,-0.021938647724103755,-0.06088921178530347,-0.051950494547263644,0.1316999459844071,-0.10835666942122663,0.10058498884239689,-0.25654872393852146,None,None,-0.06176718880858686,-0.21581358786055943,-0.019892725597731385,-0.19848566413933869,-0.09448689895864205,-0.23107487178741004,-0.13341628536308842,-0.1697599521187994,0.009696248019366544,-0.2299862314221891,-0.0626414587261814,0.1586822547018381,-0.10086013632310592,-0.09815313264972382,-0.01064584459181436,-0.06045269633019838,-0.03010923824842496,0.17662158157039168,-0.05554338265138813
M06-L-D3(0),0.001494452251092662,0.01632232190718911,None,None,None,None,-0.04082164070334941,-0.24353493700329917,-0.12321907087278514,0.23877936677516032,0.058298553707942624,-0.14620368322429958,0.009356617372816322,-0.15160685169457655,0.02604848161638297,-0.0220306739585625,-0.06104844473456574,-0.0513999861568047,0.1333652945446474,-0.1082188083056492,0.09828605003969684,-0.25676839068606533,None,None,-0.06145009436434908,-0.21710311433760024,-0.019499480050044964,-0.19971986167658023,-0.09398807590107588,-0.2324724601757912,-0.1353725428429622,-0.1697281147818388,0.010353512175404558,-0.23166859255324387,-0.06179581004637417,0.15926424396245004,-0.09968944202993323,-0.09905500007981542,-0.00842619980928132,-0.0606578757289237,-0.03002824079515373,0.17770412997516336,-0.055450954671804976
B3LYP-D3(BJ),-0.005820742152139746,0.051556736525177047,None,None,None,None,0.13284849109811842,-0.15124243979593116,-0.1774509475271375,0.055182665914814334,-0.03568108023326711,-0.038705474741956326,-0.04218986689869834,-0.03154270713483544,0.009411535060088079,-0.12062322252325294,-0.10457113069751738,-0.058578271841121625,0.03454901656942857,-0.07485422776094489,0.07347790918777955,-0.11006332496181703,None,None,-0.12159488034484738,-0.12709788223894952,-0.0773159171462233,-0.09771560764410295,0.03291592616401959,-0.14933444664509019,-0.1421842909693074,-0.10766940409671076,-0.01845836985210923,-0.11677092412609834,-0.05355113408494558,-0.03622878845147664,-0.0873608737141986,-0.14445241272569212,0.017888040332669795,-0.041376729405202296,-0.02993787717867765,0.18985604460259103,-0.047352405817710136
B97M-rV,-0.007723722430493911,0.02909882524308489,None,None,None,None,-0.053889284250239006,-0.13140157402281374,-0.039771029698866055,0.11576445065160382,-0.009211770486308172,-0.016194011423326833,-0.03112228302245478,-0.005418535901051144,0.02928672529242856,0.03781206003970255,-0.09074492583968594,-0.05718461550176759,0.041037134079579075,0.0024828241503459594,0.01639916225827293,-0.21216536316243623,None,None,-0.09784643848298952,-0.15309878310959352,-0.0487449675731976,-0.1384827611191872,0.01155906703636315,-0.03719025080512676,-0.0668678487842833,-0.17210314209871708,-0.00781329466330983,-0.13280009862225667,-0.0691893134165287,0.08084610762649919,-0.0658139919389676,-0.040508407650043474,-0.002136801716085364,-0.019769743089705295,-0.017078204920481038,0.03098181222633464,-0.03691674986460282
B3LYP,-0.006619587222394626,0.10135170461307874,None,None,None,None,0.22731114371678685,-0.1283776282840194,-0.17254230484995337,0.14508188784040435,-0.017638199552922312,-0.06778570471496516,-0.014116847850405055,-0.04964754001115757,0.024560959550811244,-0.11659926327781375,-0.0970534481050308,-0.053942891485488885,0.06568166366911028,-0.070257522965,0.07724140363293777,-0.08263094390365618,None,None,-0.09702234939849123,-0.14525658280349507,-0.059722451784775345,-0.12490343440883094,0.05248823446669651,-0.1430849078112053,-0.06197500504714969,-0.09616644326162338,0.015051576712430096,-0.17800278649024975,-0.024616836132805565,0.010381507040983081,-0.05966259646083412,-0.13820611748979553,0.04889268228154583,-0.04163238867155563,-0.025790971385736623,0.18885463515134904,-0.031009926519256152
mPW1PW91-D3(BJ),-0.0046710414555623855,0.1289488751877782,None,None,None,None,0.04683123117002133,-0.028557532647830956,-0.13628874711079453,-0.1301213516518028,0.011422348414723171,0.1253276989338175,0.01245050729106382,0.14931780854106705,-0.06734080916536708,-0.06852059710227004,-0.08261045060591135,0.02767190406458376,-0.17689692766576987,-0.07413355559741062,0.23620494654851176,0.10598307652222848,None,None,-0.07875721960790052,0.04609276836831903,-0.0699084733772572,0.051186765022908504,0.08624074345176402,0.02998458131732249,-0.08087980410175932,-0.00426146632174798,-0.07152917144432316,0.09159257802734477,-0.15580547721171714,-0.20800205709974992,-0.05862175768956653,0.0983586238308425,-0.24695494025165518,-0.058542703673822374,-0.00826684883228379,0.1167284765497209,-0.01239799998256904
wB97M-V,-0.0029643914277280034,0.029243083757349814,None,None,None,None,-0.005736668373737132,-0.02532407545623297,-0.009497841066939317,0.040221816425646005,0.04290497492961122,0.048132451076525834,0.04861402523093181,0.06523590229431087,-0.025798226030360243,-0.01917087554818039,0.0037050000062944836,0.03837787292441114,-0.07339246017009746,-0.019986091429583894,-0.08224358045582034,-0.010546339832037769,None,None,-0.035736358118201576,-0.017272470475269655,-0.009465831413042849,-0.002640845467295708,0.0155736084171749,-0.007150612178075915,-0.00625290695612224,-0.011974948543425512,-0.017134597829926965,-0.02000772179203675,-0.023983166980904594,0.0332419266326681,-0.014282122911747217,0.060376445578734866,-0.093023092685961,-0.06061276466926809,-0.0020930719776836213,0.005234429082608278,-0.004595264595372552
PBE0-D3(BJ),-0.0050169228389067375,0.1063565667993434,None,None,None,None,0.11259524200192975,-0.0018966872972054375,-0.11677152284481324,-0.07966121449932766,0.03297757320482106,0.09352248399049862,0.04232451012856116,0.12552446514991278,-0.05882926828262138,-0.05353348861215254,-0.06125616295620271,0.03052025735927557,-0.16749014260756387,-0.06759385071870239,0.24910083989994333,0.08731147372184861,None,None,-0.047908469047510234,0.0240475696680871,-0.039637935134266285,0.02130075379567609,0.10394212106498187,0.04213288227285135,0.007315418186478928,0.0010456165588939939,-0.047449090644062476,0.04582165626446304,-0.12447529439934449,-0.15875936886551212,-0.0378433639463655,0.10647249731376097,-0.21264709013031544,-0.07560639301117171,-0.0033978096288730286,0.0762438427133972,-0.0014227307047275674
PBE0,-0.005476414538462177,0.13503871031644696,None,None,None,None,0.1580306145499836,0.009953507328353227,-0.1132900718377644,-0.03777984943239193,0.04212248663184793,0.08131842687823365,0.05605979353592867,0.11840602277408006,-0.052977502972210794,-0.05144426534869144,-0.05785069434123185,0.031695112275900855,-0.1574663417744747,-0.06529939635896036,0.25498710382409817,0.10508577244298935,None,None,-0.03623203825982279,0.017121574475914565,-0.03214358087485141,0.009410977468946112,0.11440728263958126,0.04758068890684747,0.04836291710894549,0.00629178671980136,-0.03011937994070263,0.01584854406590267,-0.11199921852665934,-0.13679198388439134,-0.02540610513594685,0.11064271239184045,-0.2002561723343541,-0.07545583233556528,-0.0009757746160070952,0.07469408273362295,0.006835930404354897
mPW1PW91,-0.005586998948676388,0.13710188682702637,None,None,None,None,0.1855563796905605,-0.0026489001916272857,-0.11846709239081091,0.0028961404099266475,0.03375205862816711,0.06190962099194711,0.0489880758571135,0.09898007370766201,-0.03978666253465878,-0.05704246394924348,-0.06252330805677682,0.0271791627555658,-0.11004463227187566,-0.05400756333252025,0.22659359979016985,0.09094529224122666,None,None,-0.04433321218271227,-0.005517874940173601,-0.03467949015419191,-0.010141096437530143,0.11415841806080515,0.02535242006936767,0.04170630661461528,-0.00627553986213668,-0.023423179579701935,-0.015310887209039538,-0.09761886983541486,-0.1160376042014054,-0.011000648484473312,0.09558893325062537,-0.15780864960034635,-0.062271318547344946,-0.003942726075444239,0.09493416967778116,0.006865939438512651
CAM-B3LYP-D3(0),-0.0031678401791432865,0.07185906138353779,None,None,None,None,0.08840921905793571,-0.04383823309536673,-0.07605518937935342,0.056683507960579735,0.03511907501022738,0.06868705826771894,0.0465012994814246,0.09600779969620434,0.01389481185288169,-0.04226832548188085,-0.006785389257737131,0.0642048494128592,-0.026019527099702056,0.0025929024233545535,0.06301193671058951,0.06317765857121736,None,None,-0.07203394390407646,0.010432459966186991,-0.040690776855985406,0.02665477633988478,0.011970484357216345,-0.0535139696576855,-0.031438910752498384,0.023626074381116576,-0.019857310647617317,-0.008335089715523566,-0.041837203269374144,-0.010008378659905202,-0.042796355762782116,0.027259211216657697,-0.061023503992282575,-0.024458648269216354,-0.010124829620100105,0.14031355204920273,0.00822645312607126
MN15,-0.0013400830947926125,0.029957393892620816,None,None,None,None,-0.0553385824618233,0.022749455927367525,0.07121882045723728,0.03931740745106748,0.07221661608963552,0.08992363484236549,0.07956551787299057,0.11513673089106244,-0.04407571795978537,0.05032411210561258,0.037440877385399474,0.05519553583199751,-0.12428442864039176,-0.002765473948307954,0.05504498029791776,0.01809993905863847,None,None,-0.01611303932502102,0.026280618785725757,0.012341773671128863,0.05564511345237138,0.110154761240894,0.04507095427354419,0.06896579188052189,0.02980981332877591,-0.019095350631325846,0.014950576029028651,-0.02057795959694214,-0.08149875922832638,-0.02503485184210996,0.10870944038301347,-0.17928069730496443,-0.12036007100924308,0.009981456149116559,-0.025606881878956336,0.013964706232667873
CAM-B3LYP,-0.004539893390358532,0.11249813352072378,None,None,None,None,0.17150527261119866,-0.018342068319466446,-0.08152666721231311,0.08750466071767664,0.0480185548239923,0.05745769173222703,0.06388880992203497,0.0913754561344163,0.015531490487057096,-0.04657074986782184,-0.006319157293602314,0.05638183042116257,-0.027810007289763874,-0.001601253249422689,0.08274373647273525,0.0875927878968912,None,None,-0.05712522873579303,0.0012968746049516996,-0.026707502352422127,0.019390399228568538,0.02984743808353835,-0.042271266817188714,0.012361271625614938,0.02322104901889394,0.0005239626449900811,-0.04758395863628925,-0.027959528046745903,0.0032495569279729583,-0.03284238210538518,0.02141195211329986,-0.05594613975107948,-0.031602111526470744,-0.00392603188330487,0.13218487012185573,0.01681421812867705
M11,-0.013204316081951084,0.001993653105686883,None,None,None,None,0.05497345893195901,-0.059754684366544006,-0.03648799061562433,0.05619478577398252,0.12059074908787426,-0.013072637989385386,0.1469473525580193,0.04105841284760968,-0.05734513675767352,-0.10860246412266132,0.08862779021482521,0.13085053409223332,0.028241027650854768,-0.0010067712329253481,-0.017390264431927167,-0.010348235397511145,None,None,0.016073026372887125,0.02575578162954065,0.08823231925384253,0.06586272203865326,0.028859998966115588,-0.09572298991102755,0.042441787219484495,0.07601232422562824,0.01802653104628448,-0.009158248169774834,-0.008703946833651298,-0.0017400423858140812,-0.03837339303752014,0.012240507569561168,0.01911780241144103,0.03242926783092692,-0.0172347793168551,0.08000919025664387,0.019066475623144667
M08-SO,0.0018656565627620354,0.007902907940172076,None,None,None,None,-0.057225453590044585,-0.013705520594435427,0.05623858828803369,0.1132479948024278,0.0891890002955075,0.05632183075241791,0.10255426642647936,0.08592292559905584,-0.06860793521800797,-0.04247727365909293,0.09135019826713053,0.14489576078868036,0.047459465304419794,0.07897163957133663,-0.07790485061863889,-0.09612554520124296,None,None,-0.03634449209138985,-0.013946015603070953,0.04252361091175939,0.0614577025105858,0.007003584793930725,-0.062366461219814415,0.024695910805143537,0.053316149923596894,0.030951091609166235,-0.040789301988652965,-0.0018770201858734482,0.07108843972931167,0.0014062206357778565,0.07773488063734463,-0.015520619960946568,-0.008232626506765525,-0.0007931534667513575,0.04006978035771863,0.02084031490577864
SCAN0,-0.0018039313410569435,0.10365695101717723,None,None,None,None,0.016887969880214213,0.013552087084619155,-0.05450926816783033,-0.05838507254832099,0.017458857361251582,0.14628245248160116,0.016963044503586697,0.16974045404675736,-0.043050988337877266,0.014328570138791958,-0.051216840741976175,0.06329912884627531,-0.14804869937112067,0.04865610727631802,0.20715879069156543,0.12547737518331137,None,None,-0.04424818744152113,0.06473835707007997,-0.03580641218773303,0.05556280168938648,0.09699733368102466,0.1058669580365969,0.03163680151668503,0.02067278304386954,-0.051248700060355375,0.06601672738863185,-0.09840767661778403,-0.06931725764240894,-0.02319120874199494,0.208282962639432,-0.17735990444414654,-0.003762427511863814,0.0034286190502919567,0.04899872506787937,0.021814091181648808
wB97XV,-0.0037030530428618707,0.044178172214955236,None,None,None,None,0.028002292055937846,0.02539112775586323,-0.008503808625252567,0.0378280894335272,0.07182917473313093,0.07990763279725827,0.09622317230533542,0.11744944954670254,-0.02413764490276732,-0.00748623780273399,0.02674624207291804,0.08708790344652015,-0.07804851847141285,0.014179108374022508,0.020444651165560185,0.07199609234518857,None,None,-0.008570961710561006,0.03292680187264668,0.009867008407523702,0.04010371962780898,-0.025221172793116843,0.04374600671646448,0.047731454804232305,0.0451054174627266,-0.02256632796959974,0.03169706479849316,-0.04183552976586383,0.06940958070490492,-0.001233549114782062,0.1542117693027103,-0.13497199916809297,-0.018172681534085997,0.0036841422603107504,0.010181295613779867,0.023207663469927524
wB97XD,-0.00487099626273523,0.07736907872217098,None,None,None,None,0.11120796673335843,-0.04508851801323266,-0.0468297294451643,0.12997812952174936,0.061234990305631995,0.06831526074545033,0.08360395358326744,0.10464614026139739,0.02133709709916376,-0.03755874508058257,0.02769131848472946,0.1062019772147822,0.025656611326537498,0.028182799589166464,0.07885319199887553,0.04628620379083605,None,None,-0.04847527434508579,-0.007977995027570387,-0.009379323650767355,0.012088595554112238,0.03098677396043006,-0.06461888485353594,0.04323301581713743,0.04203635794270141,-0.0068855029318883685,-0.029553440094778876,-0.05276846347334908,0.016611603331004508,-0.006489066392507823,0.08396000268206774,-0.06877967001672822,0.0079882958395801,-0.005001742062255721,0.13858225665623433,0.025327063041950065
wB97XD3,-0.004623489532689791,0.069612412009084,None,None,None,None,0.10029234764127082,-0.020907874764285475,-0.02605286498286647,0.1339057359202552,0.07921604124309807,0.0632393931308877,0.10505806625309659,0.10476273294613515,0.009710196501697466,-0.027793830787023827,0.04535276880853545,0.113624887944208,0.004568374984034199,0.028238653707144023,0.04682391294772912,0.053793344688313906,None,None,-0.02823920108329138,0.0001992347567813681,0.009794503633330192,0.02115335780552314,0.00023708378202886709,-0.04144696548230275,0.05160263564366983,0.05000545589403546,-0.006496001674698539,-0.019922912020488355,-0.041653344000590904,0.04359676503115527,-0.0029583246559643558,0.10371266814455969,-0.07193898974883751,0.0015620407319848313,-0.0008381720075426301,0.10651898512390891,0.029269711903663478
MN12-L-D3(BJ),-0.0011667056602834805,0.03244457571883164,None,None,None,None,-0.0719517925137227,-0.05287577578289395,0.09334973506895426,0.17509167828414418,0.05854653391629056,0.19355396322473906,0.011705957129062779,0.18423432053766878,0.06009911870015579,0.1516113647948945,0.05885816486818698,0.04895417674321258,0.031182506519302843,0.16271319106392354,0.025755010298453195,-0.07953859959112307,None,None,-0.0949189952537926,-0.02226793112326485,-0.020277146485202457,0.029014679563742027,0.19227277176875954,-0.04034592693032957,0.06015128199162542,-0.05437212474533793,0.014909818925983746,-0.06219900021149754,-0.01473694550957929,-0.05566883846567133,0.0609373922675445,0.1397435305086025,-0.07416031075336255,-0.04922093519285512,0.014307246964769116,0.03746851201619235,0.031755680629336765
MN12-L,-0.0012618367140473197,0.03994554507047222,None,None,None,None,-0.06767933604261607,-0.05056196322878666,0.09414880599360614,0.17807250483696097,0.059367613422696745,0.1929729726237015,0.012941185978594671,0.18409282942228777,0.06021435625851154,0.15206445093181006,0.05938552452169916,0.04879009744412772,0.029845343765250894,0.16312678801621192,0.02893075755163651,-0.07380070582638519,None,None,-0.0934763502287537,-0.021835046729834006,-0.019714678685629157,0.028532030961740645,0.1930757203171205,-0.038023020327233294,0.06833309689943172,-0.05312000577809019,0.017412783361246763,-0.06469928704825928,-0.01392071235454248,-0.052295642571643895,0.06161081183121407,0.14134843439044736,-0.07458807124037782,-0.049094690624367145,0.014595968082827836,0.035877600236128446,0.03307260762547664
wB97X,-0.0044818460322960845,0.06629653692930727,None,None,None,None,0.07114743345155893,-0.02466111323266017,0.017085459956442277,0.1733339279685171,0.10507529861334836,0.05751908337186786,0.13215976077261016,0.10051882395418199,0.01610397752580946,-0.013108031407423068,0.06947473883765178,0.13020927568193622,0.019288645763173417,0.05087150708125992,0.026868315748821203,0.043547381823012814,None,None,-0.014535461130706905,0.009645552535537968,0.023016180029013355,0.033212672038919644,-0.047065203055412,-0.05542297726081663,0.05605294582674443,0.06345725637967944,0.014622058370086143,-0.03706569945629518,-0.02063682329765218,0.11952754810717597,-0.019269371159606336,0.09851141584162688,-0.049327891889419904,0.0242503754285925,0.0036838374933789286,0.10907659277337459,0.03747172734392611
BMK-D3(BJ),-0.001469350850795786,0.025777341893062453,None,None,None,None,0.02719837206066152,-0.042078387500896215,-0.011497299363033734,0.13956654251124045,0.018064662038793824,0.10755274985905121,0.020838342429779996,0.11825092323638475,0.03652193178517158,0.09171631688039301,0.04675550831676459,0.1335364298883812,-0.023983363345769157,0.05913109488686864,0.14907020694026457,0.05139574823489162,None,None,-0.025236774121590873,0.0362118382719436,-0.0004945811387503,0.05371269316048321,-0.03424574380485242,-0.05068631063348753,0.09356873428732741,0.08859845116330334,0.012940304052093144,0.013758150713788223,-0.05750898595797234,0.08888472254034956,0.018456837616065622,0.12615289473966387,-0.06168830842686939,0.03284307431202773,-0.0056407909061099645,0.10962929984552215,0.03848897987817082
M06-HF,-0.014986328081698754,0.07665305699061677,None,None,None,None,0.16279937158287613,0.23987003559175238,0.014622409200394624,-0.36341752491243307,0.019438200990348493,0.15897070924473242,0.1047065493883943,0.22983504043624908,-0.2075853579058803,-0.1260732169557302,0.01781193127326657,0.10635833391916484,-0.29323303424164343,0.06601016674028565,-0.01446450831024988,0.34497735775844324,None,None,0.05080460697174695,0.31879442848355927,0.012948579729047355,0.2439460422316278,0.21421325011842765,0.20104044317265188,-0.007271402447563003,0.2631877514047043,-0.12646364100404037,0.36252557877884056,0.00864544043501495,-0.4262623998579633,0.04084676938049705,0.17313571429897734,-0.21871926778078826,-0.01997516194838372,0.015270941416937581,-0.012551399108361307,0.04490026297177282
BMK,-0.002051084323549833,0.06721746322379568,None,None,None,None,0.07876401315626765,-0.02763582810656144,-0.007995818046219528,0.18919986127465308,0.028298641003123407,0.09460949778642812,0.036703949199475665,0.11144326770493816,0.04301871067880994,0.09428865406020562,0.050360496356472266,0.13605244491197066,-0.013334960201749346,0.06147139502099094,0.15583720319997743,0.07884037986508932,None,None,-0.01148411351264889,0.030522802574292802,0.007504539150415963,0.04159948402775107,-0.022363845177092424,-0.04253970727768111,0.1414609289025653,0.09686743778947324,0.032748341992627945,-0.019150502825732316,-0.04384923595314386,0.11463094647708323,0.03174072471483908,0.13226181050146452,-0.05103326570186031,0.03371289215554444,-0.002857829326319893,0.10878430424168913,0.04871233331992738
M06-2X,0.0003985267215541967,0.01731212297606744,None,None,None,None,0.024134041883604403,0.05572031472837463,0.003238239733280409,-0.021012590203794198,0.11116406977546402,0.11715661892424777,0.13706012302265103,0.15735321523199372,-0.05622311277460418,-0.0006648731653829942,0.07347263772619995,0.18601658083108158,-0.07758460491816982,0.027679764202858132,0.038986126328272294,0.07230314850308743,None,None,0.029998694339334133,0.10434154835184513,0.06716617856030001,0.12688035176943854,0.09974468914459396,0.05831241335818081,0.06696459205313658,0.16916647857779948,-0.0022459456272184526,0.10543885129390164,-0.020185952168783217,-0.0784294520843957,0.07881908077843831,0.1909139668363335,-0.13267018139893805,-0.0391207492402881,0.0010383179730882376,0.061980565626796706,0.04873954993528748
M06-2X-D3(0),0.0004010900355496119,0.016116239091649186,None,None,None,None,0.027121586931492074,0.05527908187692638,0.0033939841814507646,-0.018408739499565865,0.1120300861862312,0.11616046671340721,0.13811688862480453,0.15658099379576823,-0.05552503151944261,-0.0007332418079810679,0.07334297540288232,0.18629411806136484,-0.07633271452612093,0.02778034842724028,0.03725108120629715,0.07237547912585332,None,None,0.03025995371275419,0.10321553517904254,0.06744583555973706,0.1257643904854374,0.10039211909918157,0.057192182607051556,0.06547446585844789,0.1692692097778073,-0.0015465582239754213,0.10385445664482197,-0.01951000466540945,-0.07791954038104042,0.07991631245451146,0.19011543197693434,-0.13079648330904825,-0.03921385304608265,0.0011194297139589025,0.06283371104536237,0.04886420241103608
mPWB1K-D3(BJ),-0.0005253955501105679,0.06605168330745274,None,None,None,None,0.049828907023885635,0.03532916369684662,0.055451754329862546,0.11015318241633887,0.11180351046428408,0.14107176598381596,0.1304305089570626,0.1849598063936693,-0.017604544232303915,0.09449598588080069,0.05861537931406365,0.141591602937263,-0.03682505703093325,0.08749981477775313,0.17368543801652023,0.13693817467532723,None,None,0.009997188787603056,0.07081155514808887,0.03533752099630999,0.08459221437047915,0.10432544261392881,0.05196089163760837,0.1441604276763302,0.05174420993144258,-0.00624876977812404,0.02672668761886987,-0.03357110649209319,-0.008742126093711637,0.06584976290577368,0.24007109426490078,-0.12314880369439811,0.002545637601536521,0.017037758570441416,0.031048129126786093,0.06354026101537141
mPWB1K,-0.0008336408469162052,0.08720272356828594,None,None,None,None,0.07273341996771863,0.042439001828350836,0.05752152688550782,0.13141950105219616,0.11642908927272916,0.1359704802004887,0.13745283250431134,0.1824637046714439,-0.015245849196060073,0.095772069926096,0.060355235413890346,0.14218097465058072,-0.034269245327248975,0.08865851428752027,0.17899092902853536,0.15153488392995046,None,None,0.01616019809279751,0.06908546801799478,0.038626971085342125,0.07972842424351745,0.10987790429305683,0.05689797567029894,0.16801742397653754,0.05550372879319706,0.0033176237464052974,0.011901568592917704,-0.027971068399782213,0.003194113700574269,0.07133525460924943,0.24351444386951399,-0.11955420224388458,0.0030354482442237953,0.018412149241255078,0.02969778245119519,0.06837659332782751
