method,aceticanhydride_vacuum_forward,aceticanhydride_vacuum_reverse,amide11_vacuum_forward,amide11_vacuum_reverse,amide12_vacuum_forward,amide12_vacuum_reverse,amide21_vacuum_forward,amide21_vacuum_reverse,amide22_vacuum_forward,amide22_vacuum_reverse,basicepoxide1_vacuum_forward,basicepoxide1_vacuum_reverse,basicepoxide2_vacuum_forward,basicepoxide2_vacuum_reverse,borohydride_vacuum_forward,borohydride_vacuum_reverse,carbonate_vacuum_forward,carbonate_vacuum_reverse,cl2co_vacuum_forward,cl2co_vacuum_reverse,diazonium_vacuum_forward,diazonium_vacuum_reverse,enamine_vacuum_forward,enamine_vacuum_reverse,epoxide1_vacuum_forward,epoxide1_vacuum_reverse,epoxide2_vacuum_forward,epoxide2_vacuum_reverse,ester_vacuum_forward,ester_vacuum_reverse,furan1_vacuum_forward,furan1_vacuum_reverse,furan2_vacuum_forward,furan2_vacuum_reverse,furan3_vacuum_forward,furan3_vacuum_reverse,imine_vacuum_forward,imine_vacuum_reverse,iminium_vacuum_forward,iminium_vacuum_reverse,lactone_vacuum_forward,lactone_vacuum_reverse,Average
wB97M-V,0.047953206753289214,0.01511631249134474,None,None,None,None,0.0002541312221079352,0.017184855048104807,0.015521953822073295,0.02920180420930278,0.07205228470879924,0.022553560267327796,0.08207218356707997,0.04818573089366565,0.030929971858779597,0.023859389096955914,0.03136274600946427,0.03745274631045044,0.07908633995307174,0.02237762138889116,0.07886551438368565,0.010870095031259542,None,None,0.030320521215477632,0.007015899771168291,0.0015841339006694285,0.008038528482374182,0.013077884731729841,0.028204971873788634,0.006222971405527688,0.01177436619776497,0.02925183947563229,0.01740531144226477,0.03230064670310799,0.022421164548188995,0.03084354283657195,0.04999405567312273,0.08938289504011401,0.05706492271620461,0.0013910137230329724,0.0038646486504622887,0.030696104594523807
CAM-B3LYP-D3(0),0.06223910739711138,0.011388992495998923,None,None,None,None,0.08986184038947798,0.0375144157967072,0.0775546939460526,0.05102810352401771,0.0673575562893997,0.0382336614820293,0.08121423533616194,0.0726841842459081,0.007803042390312584,0.041738231296430985,0.025288198245130285,0.05937662570532518,0.031649906355542365,0.0017118065289613241,0.07025887065287367,0.06664505276347352,None,None,0.06380208357063044,0.018925881610907788,0.029181293592161435,0.036143042004829776,0.021721683902957773,0.08100597787603458,0.016079214477100742,0.021758326378641425,0.029162977927400403,0.006042445779508046,0.05235200898304733,0.02159647229177025,0.07638297994228052,0.003032607947494114,0.0540252236645419,0.026212093168791997,0.0056579144095385,0.12622518249162562,0.043968220412782706
wM06-D3,0.0014964760744710817,0.024170110884169767,None,None,None,None,0.0794241732122332,0.041002405702701986,0.023103653955919755,0.10866822707697911,0.1327467899497679,0.023454315645836415,0.15242665689587317,0.020035047788925283,0.00453520230025602,0.0419927259149613,0.0709480893352479,0.11544649637365191,0.020937084708422437,0.015425255631292066,0.009491266434073702,0.05459865850289928,None,None,0.013328855583925645,0.01940271785777495,0.05427237489916321,0.046970136969880075,0.03395895525116744,0.10125755619415518,0.0017842850912683048,0.0813460024804644,0.000429928425498963,0.022837621185433886,0.002235488015660212,0.05223532135330668,0.003644738993625822,0.04301210568015591,0.03489017806841963,0.032348865240225594,0.006280405116814518,0.11831997146614724,0.0446793928961325
wB97XV,0.0357301969002745,0.012486216008893075,None,None,None,None,0.03151951849691942,0.029923991389252013,0.01056489934499233,0.03376528116065328,0.10171296649447083,0.048508686121454696,0.12857875192385296,0.0950397452897508,0.030134520050723836,0.009221609675379733,0.05401389360829875,0.08555990554292316,0.08117891293662137,0.013013356737623008,0.02338199867967068,0.07043895322902417,None,None,0.0029268347688048493,0.04060492371492635,0.01832490187098789,0.04821167614470584,0.050347020900781456,0.023364348203788587,0.06143384620274127,0.043655378053051516,0.03439690295942144,0.03278166679305093,0.05253027358714096,0.05799332162108969,0.014276115964368638,0.14825669866674884,0.13114317481772175,0.016864264329386952,0.007518103978028864,0.0036801637086188977,0.04675230610767065
CAM-B3LYP,0.05597359819255022,0.05966563249056506,None,None,None,None,0.17295789394119412,0.012018253741608783,0.08302616905821043,0.08184925900191647,0.08025703338236276,0.027004292227282303,0.09860174577522551,0.06805184068102647,0.00943971830291273,0.04604065840317384,0.025754430209265104,0.051553606713628554,0.03344038382325552,0.002482343705305766,0.08999067041501942,0.09106018208914736,None,None,0.04889336840389381,0.00979029897202115,0.015198021812493596,0.028878664891966742,0.003844730176635767,0.06976327503553781,0.02772096790101258,0.021353298294070136,0.008781704636339795,0.045291311981018656,0.03847433103961722,0.008338533983090224,0.06642900900491205,0.00281465115586372,0.04894785942333881,0.03335555642604639,0.0005408833272567336,0.1180965005642786,0.046824463310640115
M06-SX-D3(BJ),0.02263977741269731,0.005730431230124805,None,None,None,None,0.14944121132326751,0.08895401096633673,0.012690284190528076,0.061331096042193806,0.07953221964794953,0.11506064929876501,0.0798082086924743,0.1492035880026712,0.03234090743924004,0.014608607884983684,0.029327711527516374,0.11659622972294523,0.008024514447125103,0.014211341347128792,0.016006378643655853,0.09870869831711503,None,None,0.05123146168928153,0.007313441151921211,0.007895477026566688,0.05390674460873734,0.053708510096989084,0.03195632187210384,0.0011698933387555485,0.025721819612371143,0.03765457829612301,0.01128471249615742,0.09277289739377381,0.05358920915484513,0.010057842832398097,0.09321886660442508,0.0759779063256546,0.008318755455772596,0.002040926140954548,0.05026371583784609,0.048952748501983195
wB97XD3,0.0063356614565248945,0.08303349571050274,None,None,None,None,0.10320130949510671,0.01652691332887579,0.026571752326965372,0.13276394898758032,0.10650258650922786,0.0334280248383239,0.13567524286405125,0.08616766968504677,0.0036218856075327893,0.032038795794261186,0.07188889627838443,0.11203485077124004,0.0006056164348667608,0.02529212819207114,0.052033189228694994,0.051614860464763275,None,None,0.02308853383195932,0.007013027295813481,0.017995448008717562,0.029425314707423243,0.02341316085405682,0.06127451281582834,0.06544233032531517,0.047868059241907714,0.018497390783487163,0.018216945869837707,0.05235870298780784,0.032107503202986866,0.023498492085302747,0.09018764998049594,0.06750299198821255,0.003376483851604286,0.0028098732630556585,0.10051611572152441,0.04899803791081547
wB97XD,0.0038037606128398806,0.0812195348069969,None,None,None,None,0.11345559088341753,0.04030913270072313,0.04674485024753807,0.12779975695935045,0.08657673136998392,0.04055814090349899,0.11245979341471486,0.08754358963521686,0.015609182150594399,0.043123577275954283,0.05281932403204737,0.10124194420830487,0.021512320097352086,0.024505530977691616,0.08592587229862798,0.0444539846316432,None,None,0.04376095549951292,0.0014264441936279468,0.0018060374257683862,0.020822593865553872,0.0040666088572096784,0.08580400621263722,0.05663606277078906,0.038597099887357454,0.018591561276636675,0.027802820035643754,0.06354369316908809,0.004889425526774585,0.03666756612494902,0.06087670543236928,0.06373841180776614,0.009904972189047704,0.0013108143463779357,0.12940163996226267,0.04998083432749636
M11,0.0505146893056621,0.0314671094090755,None,None,None,None,0.05369539722410964,0.05571104360916717,0.03464947546677813,0.06008331457294832,0.15762147900277776,0.02831733024836565,0.1841397884593868,0.03564390955697943,0.0575133381883665,0.10953263706383488,0.11720300666565422,0.1404144062408576,0.019293929755290765,0.0017511625025723335,0.009488096305469719,0.012298048621817999,None,None,0.025787097104638588,0.03155300796695341,0.10164793387437124,0.06872629618111213,0.015224559070731175,0.11080035743534933,0.06894925664570171,0.07852403063904698,0.0047170219104083685,0.007043896048965178,0.019230132356036076,0.014302638837468443,0.0419935908608131,0.018530063523402914,0.025398322200232047,0.02798871895223036,0.014272776977449018,0.08437739085133765,0.053289034823204504
M06-SX,0.05989941388579581,0.08587772647992863,None,None,None,None,0.010716062804275157,0.06304538123093492,0.030511941632860362,0.1943485853815746,0.10186192986294025,0.0516425713584414,0.11634577453462855,0.09886585044691752,0.004786763528560209,0.026086738317208386,0.049414851355849033,0.11610349113627592,0.05882778367530491,0.03433733088967051,0.006395034606115815,0.11374648259657007,None,None,0.01680745426409328,0.044297204877373285,0.04312446297043383,0.007421114132446235,0.08162618470448342,0.0365884803992568,0.12375600133587507,0.027735898594363574,0.010451410846149565,0.09561875274332048,0.034586292738273385,0.03837524374349939,0.03756326365189326,0.09044917602420795,0.013168384324107428,0.012047367609266696,0.002283196615885004,0.028469406245104474,0.05464397248733014
MN15,0.005440716607939464,0.04091429484675182,None,None,None,None,0.05237533930838326,0.0310378301832975,0.06308101866963312,0.031108637622602454,0.10141927929738637,0.0662286518415687,0.11044752671104897,0.10206876556410871,0.04267459441528884,0.03945763386767207,0.06635285123557619,0.05286453767707017,0.12849489527750413,0.0033709755062486693,0.06147487290801669,0.020519185498625758,None,None,0.010425268019109023,0.03506219282976318,0.02279811860870749,0.0650772501627743,0.08497861557943458,0.017604815932753717,0.08112791463790871,0.028271497419062586,0.03082582848526438,0.016085448366268996,0.02582608047533904,0.08649608850881203,0.06027132225173813,0.08043633322295046,0.17019345494245086,0.11630074453367752,0.013637131497872906,0.031323664227406754,0.05544648268722271
wB97X,0.049493271114627445,0.12187229427748522,None,None,None,None,0.07467045047661944,0.0211469818298634,0.017231238266700213,0.17407391819033544,0.13840654890055806,0.0252244544173661,0.16838849133860173,0.08025197663365895,0.009537366411626516,0.014893695390713094,0.10007422493873125,0.13255599610103616,0.01546433609703213,0.04946977818619062,0.029691549536504012,0.042060722953874516,None,None,0.00864473903889891,0.01641423401723466,0.03241013748863667,0.040325001524701046,0.06690964496140579,0.07551443707904677,0.07052112044457627,0.06229028355954529,0.002026666166253199,0.035576635373559554,0.03059576813847858,0.1088763293740607,0.029819798267135326,0.09428293846832476,0.04524436883485649,0.025675888729792685,0.007153563737659124,0.10583337022326457,0.05896172834691541
M08-SO,0.10737366860759255,0.11579319132470438,None,None,None,None,0.05387925896311492,0.004278373740298889,0.052103183431304684,0.10660210901299456,0.11949382316326415,0.04440424099691326,0.13834415602284555,0.08334267737768941,0.07551875149354326,0.038647125101105205,0.12833965851642196,0.15660656613608684,0.03952485462731979,0.08161418595279066,0.06958687869270526,0.09711485586840025,None,None,0.02606721612840553,0.002206382782951937,0.056521013428813376,0.0728034618779417,0.01256140147671266,0.0813154776187257,0.04413585038479022,0.05735439682816709,0.01732328256224081,0.03863919680976035,0.00817720726001022,0.06275806225236333,0.00015887321950323782,0.0839667701917887,0.007976408199155531,0.006773542502039624,0.00291912975490651,0.035484586799600565,0.0591586060863048
BMK-D3(BJ),0.05890534606904445,0.08822861728658678,None,None,None,None,0.028462429273856414,0.038040752300334636,0.007626255901661955,0.14442949521591397,0.04686537205168456,0.07749760551983566,0.05250188172269565,0.10098625525365672,0.03221540159398045,0.08569775091682884,0.07042154330358145,0.12850671392727195,0.026527243298473332,0.05897658962860378,0.15967809981009543,0.05163830580778306,None,None,0.018404709022167016,0.04010635916447314,0.009549364149399093,0.058724022289069165,0.052687244838530434,0.07222344410200852,0.10930714522180254,0.0843298086825528,0.00038426769658129843,0.015914966223799332,0.06616129651514426,0.07801986710372247,0.0001735129525610944,0.11593919918695843,0.056009424528989035,0.03070944533861977,0.001949906729249176,0.10548745346485561,0.060369086002565894
M11-D3(0),0.06322808396093653,0.12001323630425696,None,None,None,None,0.10525630873080824,0.10339254035349651,0.025936548454104254,0.0030212700026270227,0.12942427256665326,0.0028646628947590217,0.15000497290821113,0.0493366561042144,0.06362023758617873,0.10275784201768687,0.11959611868075885,0.15160745916193008,0.02443836193725456,0.0037891982671828827,0.038055317915903594,0.053390974256399625,None,None,0.003318442189592361,0.05216921904353467,0.07624606748322922,0.08770853071696999,0.014652309125344744,0.12615787022316677,0.0014148304702018323,0.08082182656265911,0.03528986137670593,0.06923947330300823,0.04435488329068118,0.03700689492490507,0.06580561760007651,0.0278602294422349,0.008959300482338853,0.041740892475766934,0.026136400427650266,0.08870758719277304,0.06103678606761673
MN15-D3(0),0.0072726780488817444,0.04763182932917456,None,None,None,None,0.21132704526330115,0.01664366656103184,0.07179394568076021,0.02595340694771884,0.07322207286126187,0.09168131919208175,0.07631271116142008,0.11576150938899503,0.04878149381155427,0.04623242891382009,0.06874596597302947,0.06405759059814263,0.12335046854023764,0.002169382541157893,0.03290765401838468,0.02057374013595587,None,None,0.03953080459099132,0.05567840118863616,0.0026037450600858735,0.08405948741943402,0.05510174738335866,0.002247303144936268,0.010763827522005158,0.030569293342674723,0.07083271449318054,0.09236882043904426,0.05095083141153093,0.10920034459934225,0.0840833517125768,0.08976649914178245,0.18663247666034405,0.1025485737309428,0.0017735080445780795,0.02699346788597137,0.06222566963162015
mPW1PW91,0.14684239767402535,0.0011104742974815509,None,None,None,None,0.1859862278980347,0.00543521441029676,0.12097570723549259,0.008584952652250195,0.04281416875205133,0.04166264618860238,0.06255947367133041,0.08408418258498694,0.04467084448768619,0.06319132353872405,0.041421395128061214,0.013895350246051886,0.11568012727249935,0.06025589019225222,0.23698186944992708,0.09238492283898991,None,None,0.04068195293668199,0.0037489872115935782,0.029535297580672977,0.002785351384275305,0.07309236040651249,0.0003712906951951027,0.052910422102614166,0.011127194751837113,0.03355899592456982,0.011614154081563391,0.10885468785307194,0.129911403732264,0.06668643973369698,0.048895313764079615,0.15194855138488184,0.05905825572705399,0.000433273907385626,0.07445414430607616,0.06300570127785472
B97M-rV,0.10321827849596839,0.0651855742115414,None,None,None,None,0.04974273704011297,0.11777437750897586,0.04676406965935317,0.0877938369567459,0.004093132961553533,0.01987393759619814,0.011287117531874015,0.007915822007353905,0.023248290174405384,0.022843531280618733,0.0640038557110363,0.06966975164930372,0.03678243258696671,0.0058817142422768484,0.025741539992022992,0.2056838683144968,None,None,0.09628879442064706,0.1371838521216478,0.04762687306143149,0.12186418074578236,0.04358166276796751,0.07163686700178055,0.060461320808847294,0.17674748693810433,0.01876600540004755,0.12841399733071657,0.07677592759077832,0.06783134478187525,0.14065292980735108,0.11240730476777833,0.005857513813321163,0.007024725493254295,0.014644609874782248,0.005327043710191902,0.06390545300991972
M08-SO-D3(0),0.09466027395231813,0.02724706715032478,None,None,None,None,0.2128309649195796,0.05195987048617502,0.06081610772162991,0.049540067163475136,0.09129661672868646,0.0698569083489731,0.10420934319401855,0.09703542392492438,0.08162565089058209,0.03187233005418379,0.1307327705315266,0.16779961633635743,0.04466928408074778,0.08715454671635871,0.09815410030313915,0.13820778150298188,None,None,0.05517275270183461,0.018409825574374247,0.031119149760020014,0.09178569913460143,0.042438272393590444,0.09667299040654315,0.026228236729566538,0.0596521954725811,0.0226836007233267,0.03764417254221305,0.03330195819620211,0.04005380616337991,0.02365315351976017,0.09329693611062069,0.024415432637850593,0.00697862830069509,0.00894449369529474,0.039814780420234085,0.06644263356912976
BMK,0.07540714448642137,0.14675227322670606,None,None,None,None,0.0800280730902644,0.023598190185197997,0.004124774584847751,0.19406281670167524,0.05709934829521228,0.06455435344721255,0.0683674884939381,0.09417859699986147,0.038712177766816944,0.08827008809741484,0.074026534064091,0.13102272623005956,0.01587884015445352,0.06131689247888758,0.16644509879061017,0.07908293743798077,None,None,0.004652048413225032,0.03441732346836913,0.017548481714669915,0.04661081315479023,0.040805346212317226,0.06407684074929569,0.15719933439388992,0.09259879258792082,0.020192305637116104,0.016993687315721206,0.05250154923266444,0.10376609103890935,0.013457394609730824,0.12204811222795721,0.045354379082404694,0.03157926318213648,0.0008330548505408956,0.10464245785947579,0.06756126750729963
SCAN0,0.14935279354570843,0.03985441120256741,None,None,None,None,0.016333606238802395,0.0228091626868649,0.05450242037821306,0.06738057565136706,0.030790531383458043,0.12682155515606136,0.03387417091192391,0.15679611827210022,0.04806700952485565,0.008045248137536817,0.02839748846651197,0.05331675032831181,0.15343415153572215,0.042596657467364414,0.2182333481856185,0.12558471931030613,None,None,0.0385058219020272,0.0733414869185392,0.028079966599614408,0.06650080366915366,0.06674596531702445,0.08504704632019756,0.046822758444521814,0.01601348826288887,0.06396044004891602,0.07042937612246837,0.10876558140018963,0.08424706085654471,0.06472370594182748,0.176788403958251,0.17163145225940518,0.0013734238449304543,0.00652323070493095,0.03337639446748494,0.07164075348395028
HSE-HJS,0.16868559526886173,0.025261889780188826,None,None,None,None,0.15881054286089463,0.012799702264599068,0.12084959055938675,0.05165068029618092,0.046191163357253026,0.05907730816222228,0.06358812717831325,0.0993087704058854,0.057404917087096476,0.06202620214073245,0.04165686353645748,0.010057321054835427,0.16021935495140033,0.07440472429208926,0.26915604648575653,0.09825630212543648,None,None,0.03732375052326496,0.020395465923208917,0.03164098646107458,0.016534439136440027,0.0720239156718661,0.015353197755378745,0.05203227485056008,0.0050148748423097,0.04049660221990789,0.014796259310422761,0.12331769117164641,0.1529302861888358,0.08792541635411877,0.051132567043414456,0.18934403280523815,0.07213814984520704,0.0015603747559232261,0.057364802781612836,0.07279806081800058
PBE0,0.16421797047348308,0.020432552008699326,None,None,None,None,0.15816792660186688,0.017985297128513184,0.11576700173049817,0.04988459512963933,0.052421455568210575,0.06213858521907671,0.07088274976260363,0.10425820297030748,0.05736067407151106,0.05778660615492439,0.03545063708713762,0.01716336863602419,0.16300448254933556,0.07180168993050852,0.2651642375097089,0.1065383638302432,None,None,0.033244870509350315,0.02651256415323155,0.027739372391679184,0.02231413505509313,0.07138345455550994,0.02041427597421947,0.05943724510281984,0.0013814967061365451,0.04066784083810338,0.019902840431564723,0.12321359940365287,0.15087800240156257,0.08257288771497528,0.06217723619951384,0.19493822588815216,0.07178649420182157,0.002608008213221251,0.05402314490076471,0.07376728030565734
MN12-L-D3(BJ),0.12731183418424832,0.1674165967809496,None,None,None,None,0.0631489638717797,0.031030567759871962,0.08691139677741483,0.1547456226765551,0.07178629871475976,0.2065428672064889,0.030808074714812336,0.20347949270219284,0.06256025961184004,0.12793044508916296,0.07301766324606161,0.05319776031860066,0.03317370570455332,0.1567635229342798,0.03772614532638685,0.08466094368173718,None,None,0.09189547307377911,0.0127910486653269,0.01424048801986138,0.042172952188584044,0.15969978390026449,0.060784699453112594,0.07331278695073817,0.060179354204388295,0.0021278708046128716,0.061795061456178704,0.020731847887475386,0.06404288479863267,0.004498706196442799,0.07808019877990016,0.06042771505740284,0.03790583040715129,0.019506284893065426,0.024855291500598276,0.07392390109831143
MN12-L,0.12800187719379502,0.17570273747509885,None,None,None,None,0.05887650467987121,0.028716755205764673,0.08771046497971806,0.15772644922937187,0.07260737550036407,0.20596187660699813,0.032043306286692885,0.20333800158681184,0.0626754971694224,0.1283835312260785,0.07354502562037565,0.053033681017969014,0.031836540228152715,0.1571771144418709,0.040901889860315094,0.07892305263780117,None,None,0.09045282532793834,0.012358164271896056,0.01367802021874129,0.041690306308931314,0.16050272972937038,0.058461792848469536,0.08149460185854447,0.0589272379594892,0.0046308352429694655,0.06429534828984687,0.019915614733985367,0.06066969162695389,0.0038252866327732307,0.07968510266174501,0.06085547554364472,0.037779585837116526,0.0197950032872287,0.023264379718987586,0.07415121341791955
HSE-HJS-D3(BJ),0.17706672279571448,0.058947741721261666,None,None,None,None,0.12955058703530992,0.003982525657315216,0.12381323855700743,0.0778921544352503,0.04014368549413869,0.06549195488822727,0.05465640962611807,0.10254421402878433,0.060147872466486674,0.06360448783092507,0.043886429594607944,0.009896836380489538,0.16284395978685712,0.07594696576514338,0.26179669886654794,0.08098572723700254,None,None,0.044947707240622504,0.02293530180687923,0.03576382649237793,0.022924288112298304,0.06469789113150434,0.009301708932249256,0.021986388484392206,0.00899918163644835,0.05280655521608734,0.03413466930382176,0.13029787242453028,0.16760918747878753,0.09499198835855667,0.04703221179142299,0.19448115600233368,0.0726046784138681,0.0002728926374317098,0.059448534784776304,0.07440095145598823
M06-2X-D3(0),0.02339783803731799,0.0043616597158579,None,None,None,None,0.029483079906422006,0.06241788332634096,0.002052588377871109,0.025255687603288814,0.13634766906976578,0.10053938092858991,0.16526079669615895,0.14912703145024742,0.062371726852319634,0.0036208404870569726,0.0927907971254238,0.1852973846476481,0.08084212015911549,0.026777095112240204,0.04538430405141564,0.07205022457918922,None,None,0.036661240580798095,0.1120092155740565,0.07576594682015864,0.13325446046257905,0.08552879199184947,0.044098286681789924,0.08058772480886334,0.17070311073343175,0.015135288978399343,0.10516338942291298,0.02792766043603083,0.0882777141082912,0.08023968051796655,0.1986880624864469,0.12771171931679098,0.035816422105188137,0.004167518037213779,0.06284905636633448,0.07644342770987145
M06-2X,0.024544216221825458,0.004309587979603043,None,None,None,None,0.026495537579336204,0.06285911617778922,0.00220833554684333,0.027859541026772218,0.13548165537980045,0.10153553586023231,0.16420403109245868,0.1498992556072748,0.06306981082905645,0.0036892091296550464,0.09292046216644972,0.18501984469501623,0.08209401327351303,0.02667651088785806,0.047119351897286235,0.07197789395642333,None,None,0.036399983929726695,0.11313522602915081,0.0754862898207216,0.1343704217465802,0.08488135931646,0.04521851471366411,0.0820778455634951,0.17060037681262208,0.015834676381642373,0.10674778679279451,0.028603607939404595,0.08878762581164647,0.0791424488418934,0.19948659734661944,0.1295854174074542,0.035723318300940374,0.004086406296343114,0.061995910947768816,0.07678132564739226
PBE0-D3(BJ),0.18039890838816391,0.06575512514003917,None,None,None,None,0.11273255405381301,0.006135102502954522,0.11924845001519835,0.0917659574742264,0.043276542139636914,0.07434264233288847,0.05714747179683984,0.11137664806694207,0.06321243666111978,0.05987582669758363,0.03885610297975982,0.015988513720945695,0.17302828066626322,0.07409614429643771,0.2592779763079027,0.08876406510910247,None,None,0.0449212985762359,0.033438562064659165,0.03523372665109406,0.034203911381823104,0.06091829025701511,0.014966469338676564,0.018389748901155144,0.003864670732422167,0.05799754882220815,0.049875952628578295,0.13568967799713988,0.17284539010348524,0.09501014652539393,0.058007021121434355,0.20732914368488686,0.07193705487820137,0.00018597047955345262,0.05557290760134082,0.07737961778042003
LRC-wPBEh,0.14202428460388608,0.002153358979501195,None,None,None,None,0.156620580273424,0.05247082680575289,0.08462447417418756,0.035642004149580304,0.0982005298681736,0.06770475872491101,0.1267732864186799,0.12419344604226477,0.056383890935923046,0.03617237616540481,0.011847916347654485,0.06463229536729025,0.18882268608827157,0.07231106285167617,0.2167805451450375,0.1625558253411205,None,None,0.001695846026798904,0.06598221548951679,0.005408194519859331,0.05960874653593568,0.05093705894141481,0.04949082152210668,0.10972213812023486,0.0500873067386446,0.040842012847298395,0.05448679374427086,0.11974961811626944,0.12895275971480663,0.04982060720774216,0.12852876292507626,0.23956731921182278,0.08064652332015063,0.008410061016483894,0.02643004242910671,0.08250780490861886
mPWB1K-D3(BJ),0.06984248393667909,0.13972307880246732,None,None,None,None,0.0524287419297428,0.04581328568117566,0.05421309008050538,0.10461928504521133,0.13582395030081143,0.12567749266009703,0.1581827169906273,0.17593397480612338,0.022393303969418386,0.09134946889965546,0.08655895658485642,0.1410688077575721,0.041831345548465106,0.08512040477652531,0.18425980644032405,0.13578966371007684,None,None,0.017527239902522286,0.08189429116682533,0.04615896673059485,0.09748765208272582,0.08299692088363635,0.035682606118968445,0.15971620929914399,0.05155360935399739,0.01939141044652288,0.029443848441592195,0.0414021198539611,0.019921480006318337,0.051307790772460594,0.23315198903554782,0.11838452488250482,0.0036363608844365274,0.02077212656558654,0.02172356412708506,0.08285507134652124
B3LYP,0.10602584190187549,0.0008752204735775764,None,None,None,None,0.22791870685677246,0.11849258703901122,0.17519150739397482,0.12963268148836027,0.000405550158344056,0.08822632672563109,0.008178405074856539,0.06685554569566605,0.018667637386340453,0.1183451986165235,0.06980013153422933,0.06610999983928516,0.058505807503086364,0.07505740604547459,0.08657443696989792,0.07518225794159758,None,None,0.09118844471071735,0.13448698197040382,0.05250934381338028,0.1112540150613061,0.0043040854648685924,0.17487880979493997,0.05116770252046396,0.10100839184457575,0.007596502324607036,0.17422386404979373,0.03472991994916617,0.002349370150650464,0.12574487859824932,0.19516375732720972,0.05722065039176835,0.04004353894298709,0.021981635982899105,0.15904366833560618,0.08413724471883605
LRC-wPBE,0.19497281449098733,0.05828288830528072,None,None,None,None,0.15885295454867351,0.04093762322158682,0.10942885985549437,0.051951047894016576,0.10608703033365718,0.0019664771674403826,0.14060723564226882,0.05913439823112915,0.06780558220274993,0.06975252542192403,0.01518964497708505,0.03879157712331539,0.23358528670006581,0.15893651933759156,0.16237026238942662,0.1534617536916798,None,None,0.02700561815492821,0.05112977621763762,0.022782243478470788,0.04016013037173217,0.00417766437604563,0.0315549932087736,0.10449997929874072,0.05758258618670277,0.04117468037564292,0.05609374120198976,0.1219609334902651,0.12192954091392227,0.08982680748696814,0.07645082640747097,0.2795048488030941,0.13173164102528628,0.0016551058023156543,0.0021859964317459115,0.08565337763239182
mPWB1K,0.0763583108107334,0.1676981885118118,None,None,None,None,0.0753332548735758,0.052923121091878016,0.056282868077754386,0.12588560367952184,0.14044952639000144,0.12057620143516605,0.16520504053632926,0.17343787580469985,0.020034606211599283,0.09262555294495078,0.08829881268313632,0.14165817946934303,0.039275533850967985,0.08627910428010528,0.18956529201228225,0.15038636752464313,None,None,0.02369024920771674,0.08016820131592937,0.04944841409882512,0.09262385923496227,0.08854938528665982,0.040619695594809525,0.18357320015620082,0.05531312549340321,0.009825016921993541,0.01461872941564003,0.035802084483998776,0.007985242934381086,0.05679328247593633,0.23659533863938764,0.11478992343353808,0.004126171526350407,0.022146519957202068,0.02037322017074923,0.08609208612600511
B3LYP-D3(BJ),0.14464531114250867,0.08833806464292049,None,None,None,None,0.13345605423965082,0.14135739854937618,0.18010015279196084,0.039733459562770274,0.017637333244349396,0.05914609947651771,0.019894613974983533,0.04875071554169257,0.0035182128948438958,0.12236915514116083,0.07731781412826269,0.0707453801949179,0.027373157687243157,0.07965410811907082,0.08281093980393782,0.10261463899975844,None,None,0.11576097565707351,0.11632828412820695,0.07010281189872368,0.08406618829812489,0.015268225558610198,0.18112834590802296,0.13137698844416848,0.11251134995731446,0.025913441519130425,0.11299199896638724,0.06366421790439976,0.048959662922308314,0.1534431558508404,0.20141005528313477,0.026216008442892322,0.039787879676633754,0.02612853905503827,0.16004507778839497,0.0867934949276481
rCAM-B3LYP,0.011470869167344131,0.10976824177991891,None,None,None,None,0.0968745419841172,0.09471948862718803,0.013564812327532831,0.015874988406977753,0.14788375161806655,0.14786728457653336,0.1739315215475462,0.20261816753698045,0.007051791484191318,0.026736979210470305,0.11618014918744764,0.15594381072129798,0.13428674924546277,0.07268815829953751,0.08966217983571206,0.24313030730042406,None,None,0.016389465391578175,0.153151086355306,0.012134732868831521,0.1705583673595908,0.028196163054239515,0.03381913407394808,0.08511261599626825,0.13232913185808215,0.02939940961875965,0.08818670853725387,0.0447647468403208,0.011539759271959918,0.0313545266696593,0.17537658128656053,0.1581966697846326,0.026624767654785747,0.023984021444167287,0.06938364005710883,0.08752098113832783
rCAM-B3LYP-D3(0),0.024184266543420416,0.02122211488473745,None,None,None,None,0.06207716397080068,0.04703799188285868,0.02227773933865992,0.04118705344408846,0.11968654246268698,0.17331994920933813,0.13979671143952105,0.2163109168050173,0.013158690882003539,0.033511774256618325,0.11857326392335413,0.16713686636162553,0.12914231979203478,0.07822851635313123,0.06109495822527819,0.20203738166584242,None,None,0.04549500468580912,0.17376729743343405,0.013267136243112362,0.18954059917309998,0.05807303397266409,0.01846162128458384,0.014748526159562835,0.1346269277816943,0.06940629290432716,0.16447008061002913,0.0698894977749659,0.03424401535939654,0.05516655340892271,0.1847067472053925,0.1746356915017524,0.012872594130475774,0.012120397993966038,0.07371383367774234,0.08803305757616522
LRC-wPBE-D3(BJ),0.21083706068960367,0.10737148382225638,None,None,None,None,0.11160171085599901,0.02823506142424361,0.11318438952364862,0.09551565301773793,0.09652914037295983,0.010125117950851928,0.12625000303370837,0.06591550632182612,0.07349166818304323,0.07199849995476207,0.011749432848359869,0.037590335313358786,0.24282586452762758,0.16128740742808823,0.15542835125034904,0.13238820333431928,None,None,0.014818872934165428,0.05746873715454408,0.015317957816706985,0.05193861479623642,0.015254932789528755,0.02497749986006073,0.06114288014626865,0.05174292722726872,0.05945855882054808,0.0871077302669108,0.1344925641555997,0.14477773170153216,0.10235421766579537,0.07158574646033258,0.29108556349191766,0.1320936560490739,0.0009594444235378205,0.0005225825998371533,0.08803958633923913
mPW1PW91-D3(BJ),0.22938159169486713,0.0927186374491387,None,None,None,None,0.04726107937904234,0.02047341804590691,0.138797361957023,0.14160244199317776,0.020484453095456878,0.10508072140657734,0.02602190782917618,0.13442192014074061,0.0722249911191679,0.07466945669097722,0.06150853767719574,0.014388088835814768,0.18253241995023206,0.08038187973479394,0.24659321892907082,0.10742270983924682,None,None,0.07510595763952159,0.05535963324243486,0.06476428352454013,0.06411321284626074,0.04517468579901814,0.004260867831957853,0.06967568861376043,0.009113121209901624,0.08166498778764426,0.09528931115482092,0.16704129522937422,0.22187585662906176,0.11430754621798833,0.05166500434352335,0.24109484203541726,0.05532964085353142,0.004757396664225178,0.09624845389881778,0.09202240614692794
revM11-D3(0),0.022220049534797774,0.014832407792741299,None,None,None,None,0.10777936062195653,0.04525825203573072,0.019123698618007372,0.056495561221409855,0.17579188319012656,0.1298227412805261,0.23200612408027357,0.19593985050857268,0.04509995466025314,0.003947826275771473,0.173382237228677,0.23701386125542517,0.1424078010961985,0.005453123682541355,0.07797443726864038,0.12491594473159912,None,None,0.06499160056058723,0.17573716605487721,0.07992145685742817,0.19338193727083022,0.007936761459373406,0.03223888371964284,0.1439495186888303,0.23584640231662873,0.052064464963689744,0.20463484443927876,0.07772744766264289,0.0837578706347955,0.011297433669469217,0.2548946323425565,0.22725763288670867,0.0479196990775486,0.008043849994952496,0.01959014682943266,0.10362935734757005
revM11,0.03493344419161898,0.07371371638318508,None,None,None,None,0.05117234533296135,0.09293974878006006,0.010410771606880281,0.0005664833489114358,0.20398908962625104,0.10437007392691945,0.2661409341882987,0.18224710123898907,0.03899305526321432,0.0028269687711499386,0.1709891224912237,0.2258208083343527,0.147552227833465,8.723437105236372e-05,0.10654165888062106,0.1660088730885294,None,None,0.09409713985481817,0.15512095769755102,0.10532332052776833,0.17439970001417052,0.021940109457504377,0.047596396507460295,0.21431360580473385,0.23354860367221475,0.012057581676575444,0.12835147508730538,0.052602696727997784,0.061053614547358886,0.012514593070567582,0.24556446642449792,0.21081860844801362,0.061671872601085184,0.019907476169049188,0.015259955931147795,0.10404016199659734
SCAN0-D3(BJ),0.23189198756500343,0.13146257435422457,None,None,None,None,0.12239154228018996,0.003099467046990117,0.07232407509974348,0.2003980649938414,0.008460815726863587,0.1902396303755831,0.002663394931777111,0.2071338558278539,0.07562115615556396,0.0034328822939144917,0.04848463101409971,0.053809488918074695,0.220286444219642,0.02247067064098419,0.2278446922231585,0.14062250358976117,None,None,0.0729298320495641,0.12495213022703182,0.06330895254502834,0.12782866512804553,0.03882828798563467,0.08967920484580373,0.07576334955259771,0.018027564524079435,0.1120664291911886,0.17733284136039948,0.16695218605878365,0.17621151103408736,0.11234481514692071,0.17955809181766627,0.260777742910714,0.002355188307790252,0.0021991079465446092,0.05517070406177335,0.10608123560974786
LRC-wPBEh-D3(BJ),0.2245634759023792,0.0894548014513541,None,None,None,None,0.017895431754431628,0.02656219707189788,0.10244613161651984,0.1686594934889611,0.07587081421157914,0.13112283394288596,0.09023571785417701,0.17453118087721659,0.08393803484582948,0.047650506596856115,0.008239223480678175,0.06512503395550634,0.25567497875981715,0.09243705239421789,0.22639188918257755,0.1775936068997737,None,None,0.03272816139838934,0.11759285879800942,0.02982078870320595,0.12093661071872298,0.023019384330826894,0.05412298276851472,0.01286397259768653,0.0521013802790333,0.08894800198802419,0.16139025898374876,0.1779362282149204,0.22091721533395303,0.09744171641283539,0.1312984507837181,0.3287136098631316,0.07691790844662806,0.004085938259644342,0.04822435202184833,0.106595895116375
M06-L,0.05045358610659511,0.029697701728917232,None,None,None,None,0.03494396681317244,0.23044621600296836,0.13314232418370175,0.21737673060005283,0.04965955561202301,0.16037839058142922,0.006173297690301274,0.1540843877661886,0.023680246659164465,0.036024610099021144,0.059518883647544055,0.05404213850613326,0.12769898263150564,0.1233040427571023,0.10553413502502129,0.2556197669629898,None,None,0.06520144070141472,0.2102375738794985,0.024617030231624235,0.18690198189713358,0.12488212855188444,0.24802924902893725,0.13523605749102574,0.1795576517538733,0.0006082447294684017,0.22854867035696624,0.07116467840112643,0.14777991556213824,0.182235649758262,0.17539872700430809,0.0017586794911190454,0.04702249568112619,0.03065470917863902,0.14653788849757676,0.11272643709916538
M06-L-D3(0),0.04923170172756725,0.029956544728657265,None,None,None,None,0.031765971897679775,0.23097104771754975,0.13306886428740405,0.21992712178738155,0.05058560581370038,0.16149821860283842,0.007250656882452074,0.15502569540028663,0.024462822032641565,0.0361166363327065,0.0596781193176082,0.053491627391778866,0.1293643284817716,0.12316618163533773,0.10323519622232125,0.25583943371208046,None,None,0.06488434625563015,0.21152710035499253,0.02422378468393781,0.18813617671357327,0.12438330549431827,0.24942683741731841,0.13719231496935272,0.17952581441536591,0.001265506163157761,0.2302310342088229,0.0703190270036109,0.14836190754200523,0.1810649554650893,0.1763005944343997,0.00046096801298925244,0.04722767235827624,0.030573709003019135,0.1476204396246971,0.11298225744700889
TPSSh,0.28373433050263214,0.15232520370708139,None,None,None,None,0.13747198612190917,0.09516818858710446,0.21594797767379192,0.027863054019721292,0.04663949098804055,0.1850773810666895,0.044993881432338526,0.1740540015587346,0.07273604570161107,0.10520509111288212,0.15681170146137954,0.2069301839784196,0.1477056375443856,0.19891418302087155,0.11905287011202634,0.061071432723011645,None,None,0.05593993730735837,0.15580308386199151,0.08019692698827013,0.1800806390292911,0.031013285826579286,0.07893508965396041,0.10265625916311934,0.17134366208791182,0.056775561040335105,0.08597494822785327,0.08813802316915953,0.09258671821061987,0.22096340948543441,0.1861538124414291,0.12898171617193435,0.10637483671395255,0.022151894991773634,0.03523443239832758,0.11975019105783145
SCAN,0.37760757875372014,0.2805095103039795,None,None,None,None,0.03616043884443749,0.09758672149332236,0.19363120648033008,0.19335486213837016,0.09891541493099776,0.04184189401686289,0.12736948323640726,0.05025356578826741,0.08338760536790536,0.10617366456913592,0.17804771203808586,0.17735120986192623,0.24271208277769715,0.14585898444931883,0.1673858186572595,0.06709338085056381,None,None,0.09941396384650769,0.07876365936695179,0.1104115594087673,0.098518674412001,0.007081120756139694,0.0016393364925553556,0.14038683264790577,0.1540969679218401,0.09578431656851538,0.003362540604380763,0.15406171593677556,0.13964866852188018,0.2954646797611729,0.1251576171297321,0.19098748707673735,0.09186236034663646,0.022295122195295006,0.0006854101738383975,0.12430175465906168
SCAN-D3(BJ),0.3809745187477717,0.2924767819788795,None,None,None,None,0.04699176790309807,0.1010021086607886,0.19492157106952698,0.20272132534603704,0.10121282989594513,0.03946629525889387,0.13068082217644375,0.049010059230847336,0.08438033166228404,0.10676442678390025,0.17896028987610366,0.1771314886906111,0.24332283992870904,0.14645194262496988,0.16364238173452567,0.0726761369817399,None,None,0.10225332921431077,0.07769673846696452,0.1119802884541025,0.09602505164808568,0.009891130466094114,0.003991223236439248,0.15262751630392762,0.15528317815531983,0.10063718675951186,0.01081462467627523,0.15667708250372983,0.14522446397723043,0.29813244732085087,0.12672377469943968,0.1930966399702407,0.09194036454585339,0.02301551135676557,0.0005425042507682975,0.1269261381821385
TPSSh-D3(BJ),0.30570853738166903,0.21349654247411537,None,None,None,None,0.0756279380094328,0.11112444197224632,0.22057111834214205,0.08471973959751253,0.059041404912473436,0.16838083882272234,0.0636297121259288,0.16428986551118357,0.08065829378434729,0.10803017321830195,0.1613515181000675,0.2085784056864332,0.16170429464808286,0.20205344251130136,0.11180349192292423,0.08497555372451436,None,None,0.07175844658687089,0.1462369134710573,0.09041181715474203,0.16385931939560253,0.04512136269344114,0.08604690061120947,0.15742816509755198,0.17834343826812507,0.08007636176575618,0.04531729070457298,0.1051279287961195,0.12215964595362967,0.23790649517648405,0.1916314754250088,0.14604077412910385,0.1065451229339393,0.025418095660268886,0.037132384011479155,0.12839742362723228
M06-HF-D3(0),0.207993004074699,0.11335075631176621,None,None,None,None,0.16450569295826284,0.24422941566389142,0.013394994142698057,0.3552741943982079,0.05020086110904406,0.12328697661325055,0.14073372239228518,0.20404166117798483,0.22319965611680304,0.09370844604546574,0.056042729333297125,0.10776791821469378,0.294702804040242,0.07469571471048876,0.012850143688333083,0.3401998065974036,None,None,0.06664321280999806,0.32765240669810136,0.03323480073502757,0.25028080596120145,0.19977509569457844,0.17938849392110826,0.016009608558748573,0.2730943925063925,0.1426861468377366,0.3647597889518847,0.006655071085052578,0.4327518717009931,0.0766512506132903,0.22195690886495928,0.21085091654324825,0.026187864138160762,0.021000577153583836,0.01899049465056786,0.15802078347259585
M06-HF,0.20972283005213918,0.11190941199088485,None,None,None,None,0.16107304559762342,0.244771586482634,0.014235916200339092,0.35708524640411815,0.049548356226341427,0.12534353259154735,0.1401618911487621,0.2061124759306747,0.2243923698749375,0.09346385637619488,0.05628749043242035,0.1060808522294345,0.29895033487268674,0.07428018846683217,0.007481944004614787,0.3426985968044313,None,None,0.06599324403172539,0.32993349210166933,0.032028391478865,0.25215101554999936,0.2006842367313801,0.1820288732063052,0.0200494538207255,0.27361114515637047,0.14262620284411548,0.36629055809658956,0.004895029568099153,0.4334833821625155,0.07511528409201222,0.22317600135401947,0.21475753206905418,0.02540251864345109,0.020964951988656423,0.017138865004713764,0.15844250287741343
B97-D,0.2911944609848673,0.23724616258857895,None,None,None,None,0.14905881793279877,0.26320516330384974,0.28615152569312513,0.0034178108512711108,0.09124837984742461,0.21258235397707786,0.08032950341103479,0.201949779152819,0.03841666066806538,0.27574231184817405,0.18593921940235714,0.1763908869009016,0.052901423750367535,0.27202391944411813,0.026332174313631766,0.29927187034460867,None,None,0.1303657449275935,0.2653919822994287,0.11331664030865737,0.2512104467783407,0.015911176516483886,0.2753259812587654,0.21664466410036462,0.19241074429490884,0.04879464789940023,0.1578331344025942,0.10417910265375455,0.1163676640894219,0.23137018900235204,0.3873246966660045,0.006955346861625748,0.12804638207534572,0.05760378856191785,0.20325279451786638,0.16793632087860827
B97-D3,0.31287101324427474,0.2656916023001074,None,None,None,None,0.09125191843199781,0.26422837180880704,0.29737672616124056,0.007561165555396588,0.09529115033644867,0.20485449325180408,0.10011299666847889,0.20770764336504086,0.038266521767792085,0.2536423447613858,0.18696956273766147,0.20371661559942214,0.009744404575875205,0.26556039560695976,0.021300522502768933,0.2994461076607824,None,None,0.13724342900036576,0.25284687382728394,0.11543998394645304,0.24501428038332143,0.03894373542469733,0.28002796695851706,0.2662651608537432,0.22732476100529575,0.04984282286432812,0.1614412952932545,0.10887379297574082,0.10721769206063797,0.2656515270572334,0.3928081964958022,0.007775653562854546,0.1066861705037053,0.058948086144770075,0.1774300956620456,0.17014930778767484
TPSS,0.3910394196766344,0.2603111765331158,None,None,None,None,0.1372030857871236,0.15556125410282556,0.2932579841679863,0.07563891173653253,0.10325582371174646,0.28609731440583186,0.11215907799971572,0.29269038028799454,0.09700151776771972,0.172347574322655,0.22317111677143958,0.3227373335843633,0.18514675792415106,0.30852790641802086,0.08579491743665196,0.16242009065826393,None,None,0.08229899462524072,0.24283505689516627,0.11588310526796078,0.26890207726504856,0.0744092782322774,0.14024807736299183,0.189869106374202,0.25498198714041387,0.06517542633674807,0.12983079424615857,0.10542591267453788,0.12309962295010927,0.33250310951673895,0.35516417158995955,0.13085251624820943,0.15858218792864978,0.036936126167699625,0.025586363857336005,0.18047070994367279
mPW91,0.41505760542549086,0.2690297226976961,None,None,None,None,0.20653807040959896,0.14140744575691683,0.3163767215781395,0.13547276121152743,0.09071683780327153,0.18656916988013428,0.09511606932575734,0.1813024137425251,0.10083756597001235,0.24274618726341504,0.20324621131114928,0.2564254838011852,0.20973575992905144,0.33962225619123726,0.17751556707568572,0.1505870337743266,None,None,0.10652506730555805,0.19715340484874666,0.11399883282725273,0.20168393003723242,0.011714027595066092,0.1516142029516416,0.14903821835672798,0.2034649809782997,0.04885438236498232,0.12001262180056023,0.15949911421206903,0.22791830854622858,0.3343103628114749,0.3693549847182615,0.16166872197344043,0.1997198627113821,0.03723666791850969,0.0575663358518564,0.18248991419323365
PBE,0.4318739077619979,0.29084384763210713,None,None,None,None,0.17016936490937348,0.12952701110308132,0.30888303671951006,0.18220429981915817,0.07831774842229566,0.16299844567158966,0.08471483004898465,0.15967320659720627,0.11583223650818716,0.23511673928653326,0.19473812899758142,0.25450434535676714,0.26120795979921524,0.3509318174429089,0.20619238259916503,0.14002796021369068,None,None,0.09927652450781017,0.17266542516527913,0.11263664102860012,0.18028169045882658,0.019501244548059037,0.13184073709578215,0.144825972548761,0.19189929786749985,0.05648661134707752,0.08583654560464599,0.17374928356731673,0.24564927311329582,0.3555633260920739,0.3576861187002066,0.20697413287516875,0.21264135654773164,0.033689242872260924,0.03334787147864184,0.1825641267863442
TPSS-D3(BJ),0.4170603617448916,0.3266600691937802,None,None,None,None,0.06807959633104455,0.17288728854656296,0.29796591555917823,0.13963452987266825,0.11690642796461657,0.26641236179070865,0.13284053112853467,0.28080425028742617,0.1065973404218022,0.17541952913471964,0.2283963668074561,0.32493044452938263,0.20326508493364126,0.3120602073712486,0.07961859903756488,0.1859117847976784,None,None,0.10000544172187628,0.23095463312763181,0.1278585321976503,0.2499764125077725,0.08967000823542279,0.1467922394689055,0.24987508972257483,0.2626324314331461,0.0906376884303052,0.08444928394317758,0.12521420329963706,0.15636525468116885,0.3520013483900279,0.36055042603844334,0.15165575944220638,0.15854813830367104,0.040374996775598915,0.027379948864382733,0.19001090350101402
PBE-D3(BJ),0.4541203973532652,0.3427119788155046,None,None,None,None,0.11456123904606205,0.1431312308024771,0.31255639612493785,0.23405972872017797,0.08922371835220833,0.14637976340655248,0.10129587894828498,0.14929935015408424,0.12419984541156147,0.23753963690031885,0.1992218874318565,0.2563953063590852,0.2772196319198986,0.3538422508267336,0.20194883823951865,0.15629435553119683,None,None,0.11357704039283303,0.16214869526464148,0.12273089489605636,0.16434280883056188,0.031590439620576095,0.1362302760578338,0.19327133683124154,0.19790958863206762,0.07685399594074915,0.049085786605368345,0.19031173347496666,0.2729636002335963,0.3717737502801077,0.36156346020072716,0.22519486454667964,0.21243533631759517,0.036325594871084756,0.03486614786900804,0.1901993551447061
BLYP,0.30343595826273484,0.20327112421509727,None,None,None,None,0.25788452912071796,0.25413817788198667,0.3369354866712099,0.06351164892589584,0.10971466175114089,0.2955758532041093,0.1194317137717603,0.3064496559876155,0.012931889305659406,0.26757435298658755,0.20118630832892545,0.29362739420595324,0.02248749503408831,0.2987547933329757,0.0044832868152129895,0.30254920319791,None,None,0.1445888416608197,0.32307944824567686,0.11729849263324953,0.29951260562216797,0.07340085640224017,0.3220550844455563,0.21590392081349022,0.27185665792981994,0.006031588316804085,0.29475136433033683,0.060570779691852684,0.049099714557168765,0.33161807233821483,0.5565387168171113,0.08692811673905906,0.14503685369792574,0.054877015802044835,0.14896096026433678,0.19877923953631824
mPW91-D3(BJ),0.497596796723984,0.36063788313009815,None,None,None,None,0.06781292461140848,0.16731607276997,0.3341983790204718,0.2684902532748037,0.11304655345986597,0.12315109466061251,0.13165363788871343,0.13096467890757327,0.12839171260072066,0.2542243204156682,0.223333353858737,0.25593274521296905,0.27658805260678415,0.35974824573377895,0.1871269165532827,0.13554924677252292,None,None,0.14094907200994444,0.14554275881945217,0.14922781877111987,0.14035607129759564,0.03963170220256043,0.14698204442448864,0.2716243290746494,0.2014509074394578,0.09696037422960355,0.013109159284977785,0.2176857215899181,0.319882764165375,0.38193147201734157,0.3665852968596196,0.2508150126239759,0.19599125055866137,0.04156079067534925,0.07936064544459802,0.20042805721362927
rVV10,0.3922662810225358,0.33900758208785897,None,None,None,None,0.06051764079028507,0.2475853897637828,0.29889447192873114,0.11362657580656067,0.12152959312327707,0.25286655952483267,0.1489715279608687,0.27355184346843175,0.06907792468067071,0.24184532393372815,0.21773133205747375,0.3032749076353056,0.0956349800758675,0.3029966043252836,0.049753717463262334,0.30453519457349537,None,None,0.15200250323698875,0.2672926033502227,0.14063450491067048,0.2538435578984313,0.12189997136144921,0.252708496882321,0.28851961522201447,0.2707375564506757,0.049296113185043434,0.1760492455802263,0.11953592971288182,0.10591792593471841,0.41298332846634883,0.5130809980706063,0.016207238999891956,0.1498751467428146,0.05328641695286514,0.07552904086472807,0.2014741012234764
VV10,0.3997632230847097,0.3469870720699909,None,None,None,None,0.051843443764163874,0.24476100154868535,0.2981655465522594,0.12705799767339687,0.12326685597410068,0.2490479892053844,0.1518145723137365,0.27046013318161943,0.07256124511061918,0.24133083255161564,0.2193093674021856,0.3054192911271953,0.10595147760887236,0.3040683008203239,0.05245051414357521,0.3018604418469078,None,None,0.15292606087325314,0.2630830242606431,0.14286171718441135,0.2504692817130396,0.12290032501163729,0.2461523780896416,0.2915214272067008,0.27050442550187787,0.05264084867640461,0.16789982584491525,0.12359568555542097,0.11195991253753512,0.41709494923635887,0.5097887887450958,0.02469962849937653,0.15177054320437636,0.05304314975803372,0.07012419558699949,0.20247654092958509
BLYP-D3(BJ),0.3524070250215752,0.31302178626462296,None,None,None,None,0.13999514141744945,0.2823813851890253,0.34285595260148927,0.04843080159343636,0.13203796640194493,0.2586850316867637,0.1542409665910196,0.2832304568077255,0.032061419149626895,0.2725726490620206,0.21067612625541793,0.2993492604569885,0.01770193048046617,0.30459905101523327,0.0010016997526030196,0.33476835523551374,None,None,0.17515991621147015,0.2996346937729227,0.1395782263923756,0.26513038402608374,0.09745271353589227,0.3289910771043058,0.314997575471574,0.28576920455935806,0.03538031206966921,0.21834015581967334,0.09709256020260608,0.10722685413895432,0.3664237441375178,0.5637891508088141,0.047105196122026405,0.14452971211580304,0.05993783278987716,0.1503051979833608,0.20769059756236685
