method,amide21_IEF-PCM_forward,amide21_IEF-PCM_reverse,amide22_IEF-PCM_forward,amide22_IEF-PCM_reverse,basicepoxide1_IEF-PCM_forward,basicepoxide1_IEF-PCM_reverse,basicepoxide2_IEF-PCM_forward,basicepoxide2_IEF-PCM_reverse,borohydride_IEF-PCM_forward,borohydride_IEF-PCM_reverse,carbonate_IEF-PCM_forward,carbonate_IEF-PCM_reverse,cl2co_IEF-PCM_forward,cl2co_IEF-PCM_reverse,diazonium_IEF-PCM_forward,diazonium_IEF-PCM_reverse,epoxide1_IEF-PCM_forward,epoxide1_IEF-PCM_reverse,epoxide2_IEF-PCM_forward,epoxide2_IEF-PCM_reverse,ester_IEF-PCM_forward,ester_IEF-PCM_reverse,furan1_IEF-PCM_forward,furan1_IEF-PCM_reverse,furan2_IEF-PCM_forward,furan2_IEF-PCM_reverse,furan3_IEF-PCM_forward,furan3_IEF-PCM_reverse,imine_IEF-PCM_forward,imine_IEF-PCM_reverse,iminium_IEF-PCM_forward,iminium_IEF-PCM_reverse,Average
wB97M-V,0.007399953073512347,0.026128648535217465,0.0034568396836472974,0.04886891308808484,0.060149595097562666,0.056268772727807156,0.05388886323901966,0.06524254293639739,0.023994986303525652,0.0181128368303981,0.00529802041089738,0.044881747325152994,0.07654276333187918,0.023534442966872304,0.061121229887468785,0.001830617564356726,0.042958531923607324,0.02532050026689789,0.016400290277358842,0.00953320145097755,0.0037869307951467136,0.007199685677295668,0.011000871096800553,0.014807607372836753,0.02388435337363384,0.02640252557701606,0.037894886534626186,0.01732613680559358,0.013154646492010955,0.058834154148262756,0.09845183804566304,0.060914783043643166,0.03264349112134909
CAM-B3LYP-D3(0),0.07567762665890708,0.05208393493676266,0.07465608276187652,0.06055047594536684,0.040406173347497146,0.06583129951183488,0.043756543342645615,0.08835182710685852,0.008307095197199176,0.04438374281750232,0.005002106747153346,0.09543327396479082,0.02690789351496128,0.005181591783242175,0.08064311364033298,0.07752112829975355,0.08586976956525318,0.001151601458969094,0.05422480295774727,0.01564146607415721,0.016339617644026895,0.048639050530756275,0.034551581320390976,0.02122049303315248,0.023657919151945157,0.013795244499194314,0.058226602425900206,0.025651461278614295,0.046366962928778024,0.02502064264617156,0.07071713561262834,0.025809723258145612,0.04411181199882862
CAM-B3LYP,0.17603080450490607,0.023838526227233592,0.08711187525619349,0.08613184505703642,0.04406280590497604,0.0552300809360322,0.06132897973475381,0.08456001103539705,0.010272634483819059,0.04857015956380562,0.003988593664189887,0.08077723841590932,0.026350348256943518,0.008800509344741114,0.09403571028172371,0.09721443209369598,0.06803231046361527,0.0068443379050059094,0.03815363855068998,0.010641907389659661,0.025679424561854854,0.033106979333475305,0.006742455609101103,0.01961226936158639,0.0030676485143434776,0.037673068401561205,0.036173055267650876,0.022523946230749655,0.03595259959352119,0.017716879753073334,0.062153084891163286,0.032732629954277455,0.045159712204458934
wB97XD3,0.09421125949616703,0.020556869483032893,0.025230174729273608,0.13385312758897236,0.10723487374034789,0.08287905113122387,0.12142643148591771,0.11385938257622465,0.009767193613225323,0.027709130241207833,0.057672452343459565,0.13040231756884701,0.006750510181847358,0.022133293171046127,0.06020644337859897,0.06225701047910637,0.030348461675846376,0.008759582362499827,0.007187533572300277,0.018418155426066677,0.024592138651709502,0.028025280315071826,0.04937051237515337,0.05140689906778599,0.005766995090257126,0.01757362902211776,0.06094792474369073,0.020408127180101703,0.0051095607077686,0.10032329681507662,0.07941321060422624,0.0010295802137995395,0.049525950282249084
wB97XV,0.024997844525302994,0.025712897108470304,0.005241319756950793,0.042441289244684474,0.0971022137035242,0.09907263146290739,0.10848544067961327,0.12503779576269247,0.024485890843906715,0.005500282180403162,0.03241493154461647,0.09941594263357735,0.08127671970953784,0.012450464780661514,0.0389115636580321,0.07861183196240838,0.010756177482534952,0.02616752303208001,0.007401831511098329,0.03538438441400614,0.011349642813178809,0.048631070253379656,0.04553035797317939,0.042956510364728015,0.03984014416522745,0.013239988898807462,0.059073298744355775,0.05132249258744207,0.0010270697396634262,0.15275302775552396,0.13987065829129386,0.01871659836903419,0.050161869873525715
wB97XD,0.10143686308655395,0.04663750791945891,0.041631816146939185,0.13282438156389859,0.07729713092195063,0.07685941869376162,0.09329719096344462,0.10563620906243833,0.022448116905818338,0.037506031534391235,0.038867600758975475,0.12080230980100158,0.015148930653583739,0.019526081854241057,0.08921361346113474,0.05789280260778533,0.051974729988561924,0.01661234613466229,0.013822246866059073,0.011679363784255771,0.026825503422581016,0.05060850826007377,0.042253046889386546,0.045978842466933796,0.004042698470527853,0.026978756906265017,0.07650421136682022,0.006408323839237585,0.0071947240298204295,0.0818831269727675,0.0773436611821761,0.004087403826761522,0.050663234385695866
M11,0.04939544698673831,0.06439831522978022,0.033457897988356286,0.06317769307698656,0.20750087442637957,0.057797740477392896,0.20941766351356403,0.09350583497851939,0.057653256769209876,0.10582629760863839,0.1073556468822403,0.1476591425378018,0.04000481391389317,0.0015982259234735012,0.020823070332252735,0.028437734003121842,0.014594531476241252,0.016264393874617894,0.09604042274629661,0.06008368783169741,0.019602585597741324,0.07479723329442622,0.04204070545152213,0.07040937072373997,0.017706578977413165,0.0073724942182755515,0.011795728020631361,0.007697194521049096,0.05007133244531139,0.002843967010964241,0.016450959729501807,0.03316570995232607,0.05715457970375326
wB97X,0.07753670950604938,0.02292246261047254,0.011246704250636595,0.16655302887376372,0.1502331960269637,0.09264466475825552,0.1616441922369719,0.1227416189172726,0.015205345644216146,0.01417569555576996,0.08949933027874545,0.14791614604655626,0.013823438868072298,0.04641018857560262,0.03893859818264033,0.04647092630400317,0.016211570655672133,0.0021789133554122714,0.02208005795866093,0.030367962824451752,0.030600796732528877,0.03888140440153047,0.05176382575434465,0.06371086827820546,0.02297391688557009,0.02236773347364566,0.03703147425606954,0.09051259577183275,0.026175611602475266,0.09067556569527961,0.05551369921339485,0.023033798228049216,0.05756381380384737
BMK-D3(BJ),0.025917652431013845,0.04309049104608073,0.011175040361991864,0.14795156889921537,0.028243401370281106,0.10543203904640219,0.0341783019742527,0.1193534050523244,0.039850193607782074,0.0912223914958821,0.05697109755607544,0.1389316166102852,0.029983151795029563,0.045154703563455134,0.1373088921970279,0.058897757706239146,0.026693097168262285,0.03454360284347675,0.007178012117666185,0.04877101903914538,0.025816112866430273,0.04229158603156464,0.09062535672454451,0.08788165555774054,0.014220477543024664,0.010287845882252067,0.0808189842868129,0.07753956081978376,0.011440595088827473,0.11873979273994048,0.068136860866924,0.02748388799755715,0.05894156725897787
MN15,0.06719087656730434,0.022083304518750162,0.09470621775135821,0.06257860689451519,0.10854360602364767,0.09875494653196581,0.08888825299345295,0.1052282693579228,0.04086170047988016,0.05019248746311445,0.042686932997300066,0.07787296841396953,0.13463232396705876,0.010970379031629183,0.057018306773922216,0.025127577638966375,0.011615913501469151,0.021640384183912547,0.012701001317705709,0.04078570853638006,0.01064717129672174,0.048394197737980656,0.06614166011530802,0.025345716782326316,0.02780326845132396,0.01660070020244866,0.02012757025881981,0.07008150321115329,0.019261869704688236,0.11339505472482656,0.19137132944887816,0.12374852065897372,0.05959369773555233
BMK,0.09324679768351848,0.025121236247962066,0.009756191706723427,0.19573720911450765,0.035963185753300125,0.09525561491467271,0.053333590130528026,0.11564217282120665,0.04695138939677113,0.09388376165532573,0.06288164493231259,0.13172048404313222,0.014130402407338944,0.04814044177616679,0.13506432449276787,0.07908094289067791,0.010756117618706765,0.032232965861123966,0.0028739960510332256,0.04102778387150285,0.03230885631051651,0.032712620840161855,0.13589113966605604,0.09441734403328311,0.037636638276806515,0.011049739409818028,0.0610280242194309,0.09168329822818444,0.025520763943860398,0.12431433375017863,0.05508052093701304,0.028422820075416907,0.06415207353312517
mPW1PW91,0.18752111203823654,0.0061251919272500574,0.11170140244236575,0.014230531532365582,0.0018311348817532918,0.03244958938946159,0.026934368787176154,0.0678402547475044,0.03897762668168348,0.053121568260046055,0.07285949057890101,0.04257108040779253,0.11210462904983816,0.06100519928574827,0.23530182395791815,0.11356100852182578,0.04730885109444581,0.012023499993621125,0.03840577394011339,0.01649078907700706,0.017224067057422476,0.02946245667530693,0.0407265853107699,0.007165563239544565,0.03315751685147644,0.02691737342902977,0.12004433167282584,0.14677472522801208,0.005539318510839064,0.1006223228905396,0.16849407688559717,0.0656047032083132,0.06419056148608535
M08-SO,0.0638157078459853,0.016514564311452522,0.07994666731563084,0.13674671983879552,0.17186083307316416,0.12291819625298055,0.15869444654538992,0.13162367022368548,0.06624257055362498,0.044653154725683486,0.11596702911301127,0.167272335969703,0.041825969503840314,0.0745252574048102,0.06987134399868924,0.09108991443806992,0.045883800961426,0.028035411577351215,0.047970703679426484,0.060534150789242576,0.023259930032378577,0.06467128086637237,0.014542170758036401,0.04467475244856809,0.05620183089675427,0.008743140600139407,0.01622915080679197,0.07097332210742881,0.007736698926080101,0.06497610999226029,0.025272258121913048,0.011087781697071341,0.06701127735549242
B97M-rV,0.06580562582590045,0.1304176560669328,0.019702061810753378,0.12447304507887733,0.03004343919746549,0.052136930500486484,0.05374450426699582,0.043892140093685986,0.03824790474135523,0.03737694665447908,0.09010657386758988,0.06277790095054676,0.04723444206521099,0.007884208984188444,0.0015018751662520913,0.20033384851685362,0.11134529721677952,0.1657834014444679,0.05386177022722546,0.1452564345824384,0.002928511808274834,0.04476739621146947,0.06831075709755999,0.17742053100714128,0.014994307172688208,0.10954236227234464,0.10233074974893681,0.042864530952345936,0.06089814713296683,0.04025713311908192,0.013527213789297287,0.01996078521199392,0.06811651352445582
SCAN0,0.009425846041703757,0.010231109856334445,0.050805769581675445,0.04869728405570336,0.012501631956251287,0.11107731881309958,0.007459436705601741,0.13360510913007906,0.04538753862389007,0.01549511703510487,0.06578844502012633,0.08842819972441421,0.15397784158587974,0.03457379285633101,0.22533710179827537,0.15001236592857942,0.04929507648838055,0.05621580400087262,0.04237221645036574,0.049063955202107754,0.006046330371501608,0.10021266267250223,0.0350414680565901,0.02089902843819649,0.08912360323954331,0.024747757987850946,0.12242978095860325,0.08023486568242322,0.025001869632250408,0.2078411247166064,0.1929452422675507,0.00760788446200948,0.07099633060438765
MN12-L,0.07700825171741492,0.04909040882237009,0.13983239804600142,0.22482542019087842,0.0721291826499314,0.17388954037291157,0.010481986270874155,0.14781219467596063,0.07187398412020611,0.14540868905465348,0.07687612781086813,0.0503375241793036,0.009862386940714623,0.13246706286377413,0.017314912231080042,0.06494591153625824,0.09498279123464176,0.03150096840545671,0.023432505169084312,0.02022859245496278,0.0053287548671870355,0.03620131551891308,0.06333083134035736,0.05553485261030939,0.04348311369100611,0.02947005581613804,0.026934725103945244,0.050314500062506845,0.06678311863988624,0.1394588901223441,0.08731525422190249,0.05706025557967667,0.07173489082254747
MN12-L-D3(BJ),0.08418357952506234,0.05187773783207652,0.139064576693955,0.22198252278141964,0.07158799688520709,0.1742920595657119,0.009002875249496674,0.1477333822972751,0.07170408158123279,0.14492241045207513,0.07609397965355448,0.05127406165376523,0.010755426991335798,0.13194715369229507,0.015223171914989179,0.07000141685837107,0.09664108932486073,0.03219396929167291,0.024162905404234766,0.020427213906808902,0.005576234387667034,0.038528181382148696,0.055597079347414535,0.05639456413893322,0.041219971486952806,0.027677360619576416,0.028135607723198782,0.052293062725567566,0.0660421032372492,0.1378867242750194,0.08704659607019208,0.05719308530847625,0.07183319319555613
PBE0,0.15572691227132246,0.006048622435936216,0.10499607810046198,0.024488147751373958,0.01369580597214965,0.050816582335989915,0.03382866269640243,0.08574524982350819,0.05189451090813511,0.04656073917310525,0.06795762626061592,0.05317792630254756,0.15869281528004703,0.07201769639830718,0.26585914858599585,0.1301743274197209,0.03730153492855057,0.011052817566347597,0.03456803318947077,0.0012987316999429482,0.018305505237368996,0.05334611198460825,0.04912649414619986,0.00666602947573931,0.04629263378500831,0.006025793868846211,0.13937965861565485,0.1654256990648768,0.02020046980450394,0.1166398944443912,0.2127372363657047,0.07874816315671196,0.0724623643452983
PBE0-D3(BJ),0.0962495947206763,0.008772189025474575,0.10657692166227288,0.0647592727788882,0.00667901450186688,0.06057451962504464,0.017179155356441562,0.09006860521832087,0.058218334143370847,0.04868854820205872,0.07353144344861762,0.0601005418365303,0.17269405475418032,0.07484715138066085,0.26729620166869383,0.1183150632354836,0.05083644447266719,0.014986897558367457,0.04383872859375755,0.009210658499690329,0.012546457329390876,0.04665851042633233,0.010442046803592451,0.003078383260994701,0.06754672361679047,0.013024436514123931,0.1574562161254926,0.1779337891513924,0.03334069431654661,0.11295705458815912,0.22733175510413847,0.07898216759118372,0.07452254923472507
M06-2X-D3(0),0.0033857751200587587,0.049670159252837916,0.02135100184603548,0.005789821924943442,0.16098889916344752,0.15422163842292255,0.17126950116363387,0.18023707306229664,0.06457844650194228,0.001959507601444699,0.07436490743413185,0.19020647668560056,0.07910100228162342,0.02136449220349159,0.040499585587660265,0.06503951490695191,0.03769471343376101,0.10183476642274894,0.07402406812819758,0.12872384840178222,0.0013905071527264342,0.06218858974916184,0.0714190907320283,0.16953838387568582,0.026006494266966617,0.06397960073688642,0.031725610446248435,0.05959359290543175,0.07141463497659263,0.18200469226766441,0.13589035701556662,0.04252318827099782,0.07949937318567092
M06-2X,0.0005512343325697543,0.05011084243425071,0.02149764952132141,0.0033255003966523307,0.16034672645080816,0.1550294115531444,0.17001402159154336,0.18077380159981551,0.0652787019484821,0.0018735984905987836,0.07444036464648474,0.19035881698836432,0.08087950945856155,0.02126416376851412,0.04250528345737254,0.06523718123824065,0.037340491754804854,0.10263079783430103,0.07360932013441568,0.12943375029046852,0.0006912258746772409,0.06311243854834872,0.0727997291404122,0.16929939703428354,0.027222370369924136,0.06492981193909428,0.03277772290026038,0.05990689135929713,0.07031302226504701,0.18284697217403612,0.13798038845772292,0.04243910232323268,0.07971313250865784
mPWB1K-D3(BJ),0.048354376920243386,0.03390331081745459,0.06152331139621105,0.11681165636141635,0.13185063543947914,0.15005383427459917,0.145372517908009,0.17926962615722597,0.012267917821593756,0.09560733989442227,0.061867092373106405,0.1551717502052669,0.04860714824876559,0.0739973235909522,0.1794890302723706,0.14117547738401812,0.018729937731267524,0.06357761425203329,0.04076862706539603,0.0758521635092254,0.0030726124974701182,0.06135526783621798,0.14190895438049445,0.04867332617950541,0.01481621691027724,0.027077162673224825,0.03816774612800432,0.010122075846880558,0.059201989946357135,0.23060661733864268,0.1336352965961452,0.002442012420127054,0.08141656157426262
mPWB1K,0.07989500997652554,0.04268673712276762,0.06282002168267285,0.1372718563203087,0.1351863013706149,0.14608972105999285,0.1537767533551402,0.17805329290387073,0.009652039679697105,0.09694617615043774,0.06465644863078211,0.15157584805059582,0.04372241623049813,0.07546457860760729,0.1806522795243405,0.15258981068767621,0.02583551455650244,0.06328385902716825,0.044959277906083006,0.07285387267834693,0.005572844910460617,0.0667351221636656,0.16441313865081014,0.051469849921790926,0.00388782750803141,0.017419583746421302,0.02992655594686579,0.0036885661774148843,0.06504021486455418,0.23382382660297138,0.12900979397943307,0.0019192895907186199,0.08408995092452397
B3LYP-D3(BJ),0.11365176666385303,0.16414080939415165,0.17245658366391778,0.06212313159657863,0.06804889952359935,0.07362326963298699,0.07063922169407207,0.062246036192069,0.005444774290263388,0.12176474385369367,0.11354639763638293,0.045662246003683196,0.03515154099162983,0.08236584895598621,0.08576518076909448,0.08304517151585247,0.1426696649501225,0.14135346367436555,0.09472475953192358,0.11295205371875501,0.014438735363771242,0.153842581515122,0.14519836919190968,0.10935569290247334,0.0056263310135697,0.10045599144964443,0.07646976717530041,0.05923865556741811,0.08430386957381177,0.1414357551798282,0.009902149917050332,0.042248712321776065,0.08730913048202052
B3LYP,0.23098951397923537,0.13540604175304952,0.1716796900308441,0.14877546750592807,0.05310212376954865,0.0970421433434283,0.03595017795534478,0.07388203628167479,0.021644392832251523,0.1177908127670885,0.10159188810923558,0.0583194572806443,0.07383284813290698,0.07665794759871324,0.07433560363857183,0.06845941212756178,0.11402043906443743,0.15326338188075203,0.07346924110282832,0.13165019851828078,0.02787592604827146,0.1441309934029302,0.06936893769456404,0.10071310191885881,0.047901981101340994,0.1393148774709654,0.03574755604927445,0.030910480663761484,0.055083294086085095,0.1362352457470651,0.04559481811738639,0.042348719658823364,0.09022152342598914
mPW1PW91-D3(BJ),0.01981559666531592,0.04071473718075035,0.12620332622837208,0.11520453617995609,0.021502001150788045,0.0845164345412493,0.020923740828791802,0.10567607920418348,0.0674799980840721,0.06354005140131373,0.10056769455180682,0.07076933720336721,0.18536381320770448,0.0826853652201481,0.26445738052622886,0.14553148373763714,0.08725705299777686,0.032797490843674226,0.07827609409345916,0.027950496607135597,0.0010104254198686476,0.031022513448533053,0.0737646019441809,0.0010401759296409638,0.09981412146681576,0.03938377411017453,0.19827018681568534,0.21670758512454352,0.05605140494801724,0.10505988997379481,0.26539192667070877,0.06203180012947163,0.09033690988859895
M06-L,0.04788046710382521,0.24960524524169989,0.10648020962618324,0.2540784153406373,0.061497914525184286,0.15723167302970015,0.0017329932692331114,0.17457659746869117,0.03413962825215018,0.02164081116651086,0.05809390737524616,0.05269047170180844,0.12475136132160224,0.11939402817869259,0.10642373550567404,0.2224811933704465,0.05837601591615811,0.21700967556536527,0.011621138489773001,0.19660243342081102,0.008971008922616477,0.2532067936820501,0.13488893573757588,0.16131785307721505,0.06597822568029453,0.17703698004618262,0.10610969482974354,0.12621944655250875,0.09663111541665373,0.09300377346603839,0.0284425603746176,0.0678979629914117,0.11237538333269691
M06-L-D3(0),0.04522398683244776,0.25012831365702864,0.10679322780188037,0.25645923596703674,0.06227899327279433,0.15812297699372774,0.0030388819619160245,0.17523263711075782,0.03492517783174836,0.02175609498391208,0.058144457993003405,0.05265341249641741,0.12704355169577053,0.1192564772747443,0.10380593624022855,0.22303605286446382,0.05794239681496315,0.21792733377155502,0.011070039611063464,0.197416154963275,0.008196479958706641,0.2543524915841115,0.1367080123843183,0.16113594759011038,0.06719013980231084,0.1780394398584216,0.10482379563170445,0.12662020244605648,0.09544910390171968,0.09394775870095788,0.02598916422389542,0.06809345785212405,0.11258754168978662
TPSSh,0.1396381012708235,0.11184991646089441,0.20849459174228852,0.00036242111777374934,0.1038940821789002,0.21662842306636054,0.09159679162290713,0.20110051777404322,0.06939235269035687,0.09453724831053377,0.20984689188246622,0.19157809676959814,0.13889356662620977,0.1927133985093882,0.12990398725020008,0.028484181142773003,0.06377696724227286,0.16856808006369173,0.08665261473198924,0.20806949425440646,0.004376706894795507,0.06202406607615645,0.11229585726631233,0.16795619111788196,0.057608048208482546,0.09956086156178355,0.09838745869952667,0.11001618921180777,0.13105304116855465,0.10480425286287384,0.14808565205766006,0.11377016014432913,0.12081000656181382
SCAN,0.052390413789693654,0.11702132057819602,0.1824060483926867,0.15723425779920588,0.17590864138592854,0.10569549915874026,0.1963202291553145,0.10415810115848115,0.0844109910289279,0.0922776082123551,0.23330087102126038,0.13493747242985757,0.2318222500427489,0.1436832857375514,0.1842358521959867,0.024967643756077976,0.11529094749374978,0.0944489830162085,0.12473375540252432,0.1262934874861762,0.021265582036370224,0.010363213117888348,0.14112080076690683,0.1429106008647776,0.12252848659072052,0.05401538352496849,0.18222206230112592,0.1377253401397718,0.19619557355599737,0.032462816712353314,0.21762071666198213,0.09963736444217555,0.1262376749986472
TPSSh-D3(BJ),0.05928103839830123,0.13182085000475782,0.2104276378959451,0.05427977351581411,0.11340457260328446,0.20325988130340006,0.11418708636583519,0.19513492445543015,0.07795542652175605,0.09741154767606393,0.2173335670861959,0.18208393590659325,0.15837440925153784,0.19658008947045114,0.13256778738810646,0.044349551173317424,0.08212440063189608,0.1630873421911742,0.0992799723824888,0.19723537602735344,0.012315570259456456,0.0708770882596142,0.1639261444858486,0.17277313409782108,0.08629381628223917,0.07373015711383724,0.12302906034120888,0.12683227113552156,0.14894418019988545,0.10961470592448773,0.1681475206583169,0.11405553970161131,0.12814744870967348
SCAN-D3(BJ),0.06817992932286245,0.12122890779487092,0.18336824893901657,0.16621706203363765,0.17752917549645322,0.10381578190647908,0.20026045075971077,0.1034969049549628,0.08550862815552299,0.0928979954783821,0.2347589095358279,0.13302778454273356,0.23330428084183583,0.14440994167911167,0.18228694995770645,0.029228285039130563,0.11854839425679928,0.09406892955556019,0.12672513463556212,0.12473091093642487,0.02232461707034155,0.007878858557483204,0.15260701026528173,0.143494625538858,0.12818841969448508,0.0492883987140771,0.18613109419829169,0.14074562866610352,0.1990318014502326,0.03391937764666681,0.2202332858965916,0.09973988611259754,0.12834923780105004
M06-HF,0.10804693936629259,0.23442262895430016,0.010715845211278248,0.3657512431345007,0.03909565055537933,0.18326360372372882,0.11938300228768034,0.25743332501767285,0.23636257249768375,0.12611456233589083,0.010223340381550986,0.14293928711256015,0.29279427074139874,0.06415674255777494,0.024705294453251328,0.33305680870476995,0.045701390327060665,0.2997397901215989,0.004717688132542367,0.22973528634259174,0.004807637511188159,0.24234941325643625,0.00827826430530954,0.25666246749977806,0.24761862299120294,0.22526308148949256,0.04506921077473769,0.35577895517042346,0.02794801266043097,0.15814630546601044,0.2242956975719905,0.016985234948285216,0.1544238179876498
B97-D,0.11729044241780791,0.28500447386653677,0.24985691567872179,0.058444487738090356,0.1317106582732287,0.25248666175159157,0.125532773471849,0.232211518200382,0.032029179365235215,0.26385279147326157,0.22240518427924347,0.17150862802501754,0.07054401302552937,0.2603191394818152,0.019218719736836046,0.27771522507010604,0.1499881818654248,0.29058217721961643,0.12198327335091483,0.2894912031550412,0.016327307206615068,0.2544003237820588,0.21304880867573625,0.1806570467589989,0.01281415720277414,0.1631538598246224,0.1373842847489599,0.1319040869718539,0.10691870355900018,0.27309124592223744,0.01013812915870364,0.13802644564258446,0.16437625146563734
B97-D3,0.05128521341009264,0.2935789302282228,0.2630600094091125,0.06289898031335266,0.13543974934508224,0.2470501614522824,0.14386795901333083,0.24197429912155102,0.03335258131350695,0.2420224975248895,0.2281418780234139,0.19481436762144572,0.02600531869803981,0.25515386064279805,0.02114912638476426,0.2724452993560965,0.15795733151818148,0.2784508371319327,0.12576630558192287,0.27400105111698314,0.0014554906978511669,0.26188136622523234,0.2670879224931956,0.2176690270342833,0.012337446128260661,0.162727734741384,0.13879125562999745,0.1231384351531381,0.14429501182736026,0.2801542831657645,0.010809483377764054,0.11604205897849702,0.1651501647706166
PBE,0.15741533066061508,0.1529828428527254,0.2844021580535819,0.12974151913449639,0.14505597238670762,0.22266960965443444,0.14710697277220514,0.2066531427229382,0.11335367825807385,0.2178899177722105,0.24684906789130792,0.2082050649064759,0.23930811161999246,0.33591584003618763,0.21608777006217425,0.09715248374303613,0.10879950747771654,0.18898227915012317,0.1167848265435058,0.2185032429912738,0.013775408509438434,0.09233831671108378,0.1453288941146002,0.1814902489427396,0.04937699427337759,0.11304143810332665,0.20835909908396122,0.2702121391527117,0.2211634153938757,0.2293808557210562,0.22970615383999327,0.2221914228519468,0.17906949141837167
mPW91,0.1989204817947451,0.16412439547863375,0.29358290617512195,0.08638929898610966,0.15961539386074095,0.24298378507591384,0.15469458594168234,0.22556470108928706,0.09838727220085579,0.2263581544327968,0.2534055948568579,0.21823756794358823,0.18905952133224266,0.32514270527435807,0.18455292759151784,0.11033427638987123,0.118464588586429,0.2131702558696086,0.12002472195200642,0.23708952716828494,0.011829020606079679,0.11636117465678841,0.15156508575717917,0.19434527893600212,0.035656040388985594,0.13566607091258068,0.18806689686762473,0.2548842731856654,0.2004415179598722,0.24343254512471624,0.18282763013433526,0.20880832298771831,0.17949957873494374
TPSS,0.13643453036149655,0.17674916260402568,0.2811745921311997,0.03731602348773151,0.17146984706867346,0.3361506689215749,0.16808457301080557,0.3300126204769749,0.09506634940716985,0.15978145065145966,0.28559701575640895,0.30461866061695,0.16995206809781002,0.2963652238978003,0.10209197178746897,0.12098331083880998,0.09248417789984355,0.25563828239400443,0.12143324387881532,0.30429700480639,0.0094993781189105,0.12233927161294758,0.19612395734403024,0.24985681249242708,0.06164617370867709,0.1436175195496712,0.12232025235253653,0.14386562520415447,0.21509656573625374,0.24567595634510567,0.1521304661210114,0.16692088978088407,0.1804623014519382
PBE-D3(BJ),0.08660617932782627,0.17009174393254703,0.2857203898363926,0.17969296365598392,0.15388378048474247,0.20928011238997168,0.1674816200893794,0.199983155105388,0.12230349955410845,0.22029675521725733,0.25402062147654464,0.20018501905236186,0.2597300550721814,0.3394643589731696,0.22062154033047218,0.10612892323149635,0.12542976547085463,0.18212036680474245,0.129032492644862,0.20757390935322484,0.006256196634501862,0.09850464852680132,0.19102058444581194,0.18560400853061007,0.07498602105216874,0.08980327257713085,0.2318939450605224,0.2866403933196524,0.23826246594588896,0.23264465906612486,0.25069821693710187,0.2220871161127637,0.1852515243816433
TPSS-D3(BJ),0.048006441074723946,0.19848021385657547,0.28282860714718766,0.0988627163059066,0.1822120043705666,0.3203265078358933,0.19332361998880515,0.32254071017865676,0.10538740213016837,0.16287149560103423,0.294123835839537,0.2943278315958703,0.1939291918452127,0.30070234554154374,0.10689552675788705,0.13543475747799016,0.11305805075957703,0.24832989628313198,0.13609277881508977,0.2914685657928941,0.018702991978427248,0.1310218388650479,0.2527199168920789,0.2551702791677472,0.09337577633382854,0.11485308059594071,0.15073240707799107,0.16327841483779715,0.2356700413101911,0.250304942021306,0.1763302172149761,0.1670150820419953,0.18869929648548683
mPW91-D3(BJ),0.031214963697929046,0.19871394073368084,0.3080848299611283,0.21582436397917626,0.18294852989328228,0.19091694264647477,0.2025526955576503,0.1877288766310612,0.1268896436032444,0.2367766348524892,0.28111380154901877,0.19003931386881542,0.2623187082124576,0.34682287393110656,0.21370848415982854,0.0783638011725131,0.15841279320901513,0.16834926775311512,0.15989503938455032,0.19264824148414228,0.006405471869664655,0.1148011178835623,0.26605627301213,0.1861395397668166,0.10231264772512677,0.06936492337337638,0.2662927547297393,0.32481713580299876,0.250953607119399,0.23899497532065916,0.2797254826402487,0.20523542262967862,0.195138221817315
rVV10,0.042394274861927934,0.2725918495372713,0.2787223579067253,0.07040392395992173,0.18173291501978636,0.305300136016319,0.21275266843524476,0.31189487034863234,0.06877385661596463,0.23398576291869302,0.26908730970660116,0.26478055331762584,0.06959040574132605,0.2891637078447467,0.06732461908181955,0.26380055050746176,0.17774020163465903,0.2898689310524453,0.15776228332218417,0.2979276514577408,0.0020840604313267477,0.22329425950437845,0.2917641669696824,0.2627580093456257,0.021559155570758014,0.1798596838761091,0.1550574196484093,0.12828483199380075,0.2879616798367401,0.3935003085831333,0.038310518797521564,0.15601195380802932,0.19581390242664412
VV10,0.033299346053171294,0.26983221356975107,0.2777037698971936,0.08349949728660197,0.18379652691434858,0.302387449530128,0.21633675267951313,0.3098066321391895,0.07242604555102083,0.23330151049631884,0.27133381214073954,0.2649162973879449,0.08009475988983923,0.2901752562612774,0.07143268876456084,0.2597902649913156,0.17882480722086086,0.2858755383717233,0.16030691929895177,0.2953462828135693,0.0004794068941892647,0.2170993312288867,0.2944564438381598,0.2624041767908335,0.027490299256247557,0.17505469758602923,0.16016581577022646,0.13316548230347064,0.2919818131598928,0.3898551864483234,0.047343144384323584,0.15796606158606183,0.19681088220327075
BLYP-D3(BJ),0.11109774003357022,0.3154083588548734,0.32355651089914467,0.0035839557061018244,0.2053738174292271,0.3112059812637939,0.22528220654563139,0.3177613651909367,0.031708914792393454,0.2678398139640882,0.261282182209903,0.27381042239107156,0.00391577901556725,0.29494475888359467,0.011454071920387105,0.300598445092789,0.20836567721411678,0.32605901820257144,0.1625372391120262,0.3073562600568789,0.009060328683890145,0.29902603745063316,0.32176514364260145,0.27873545769222297,0.012600781544656048,0.20083514257759402,0.12413356562631227,0.12575208468065865,0.2391672313903687,0.4450954005770277,0.028872416880614846,0.14864115563075334,0.203025852036125
BLYP,0.2565754246753425,0.2799019064262118,0.32285604592533923,0.10431338959005011,0.1867442045397462,0.34097776175465055,0.1821759965006496,0.33284225504926634,0.011273428227962484,0.2629282079663106,0.2462558947460141,0.28973554321355605,0.05335256616592023,0.2877105728214813,0.0039039252320338847,0.28437924522825425,0.17270466131533285,0.34174609914025866,0.13571561792722586,0.331148536762225,0.02599069576620416,0.2876682303880867,0.2280704838066052,0.2683312496509329,0.06514212820451437,0.2492536464868939,0.07284385901070188,0.09013033210901131,0.20245802147872363,0.4391584064413108,0.07456278201581189,0.14895047305729106,0.20561879973824748
